kmer	DJ_pro	GIC31_pro	RW1_pro	RW2_pro	Rleg_pro
AAAAA	73	0	15	0	127
AAAAD	0	0	0	0	26
AAAAE	22	0	0	0	42
AAAAF	0	0	0	0	15
AAAAG	46	0	0	0	57
AAAAI	0	0	0	0	39
AAAAK	0	0	0	0	11
AAAAL	46	0	10	0	87
AAAAP	10	0	0	0	24
AAAAR	37	0	0	0	35
AAAAS	10	0	0	0	10
AAAAT	0	0	0	0	27
AAAAV	30	0	0	0	47
AAADA	0	0	0	0	24
AAADL	0	0	0	0	13
AAAEA	39	0	0	0	43
AAAEG	0	0	0	0	11
AAAEI	0	0	0	0	10
AAAEK	0	0	0	0	11
AAAEL	0	0	0	0	13
AAAER	25	0	0	0	13
AAAET	0	0	0	0	10
AAAFA	12	0	0	0	11
AAAFG	0	0	0	0	12
AAAGA	43	0	0	0	52
AAAGF	11	0	0	0	0
AAAGG	13	0	0	0	24
AAAGI	10	0	0	0	24
AAAGL	33	0	0	0	44
AAAGR	0	0	0	0	10
AAAGS	0	0	0	0	22
AAAIA	0	0	0	0	53
AAAIG	0	0	0	0	23
AAAIL	0	0	0	0	26
AAAIR	0	0	0	0	24
AAAKA	0	0	0	0	41
AAAKT	0	0	0	0	11
AAALA	71	0	12	12	108
AAALD	11	0	0	0	34
AAALE	0	0	0	0	38
AAALG	29	0	0	0	58
AAALI	0	0	0	0	22
AAALL	51	10	0	0	48
AAALP	12	0	0	0	34
AAALR	26	0	0	0	43
AAALS	0	0	0	0	38
AAALT	0	0	0	0	13
AAALV	25	0	0	0	31
AAAPA	31	0	0	0	45
AAAPV	0	0	0	0	15
AAAQA	29	0	0	0	10
AAARA	39	0	0	0	47
AAARE	0	0	0	0	13
AAARL	10	0	0	0	40
AAARL	17	0	0	0	0
AAARR	29	0	0	0	38
AAART	25	0	0	0	0
AAASA	11	0	0	0	24
AAASG	14	0	0	0	29
AAASL	0	0	0	0	26
AAASR	0	0	0	0	11
AAASV	0	0	0	0	14
AAATA	22	0	0	0	46
AAAVA	37	0	0	0	60
AAAVG	0	0	0	0	31
AAAVI	0	0	0	0	10
AAAVL	0	0	0	0	24
AAAVT	0	0	0	0	10
AADAA	10	0	0	0	36
AADAL	11	0	0	0	0
AADLA	23	0	0	0	11
AADFA	0	0	0	0	10
AADGS	0	0	0	0	10
AADLA	0	0	0	0	27
AADRL	11	0	0	0	11
AAEAA	29	0	0	0	50
AAEAE	0	0	0	0	10
AAEAG	10	0	0	0	11
AAEAL	34	0	0	0	21
AAEDA	0	0	0	0	11
AAEEA	15	0	0	0	10
AAEGA	0	0	0	0	11
AAEKA	0	0	0	0	24
AAELA	35	0	0	0	30
AAELE	11	0	0	0	0
AAELG	11	0	0	0	24
AAELL	23	0	0	0	0
AAELR	11	0	0	0	0
AAEQL	10	0	0	0	0
AAERA	20	0	0	0	12
AAERD	0	0	0	0	12
AAERL	12	0	0	0	33
AAERL	48	0	0	0	0
AAFAA	26	0	0	0	46
AAFAG	0	0	0	0	12
AAFAL	0	0	0	0	32
AAGAA	32	0	0	0	46
AAGAD	10	0	0	0	0
AAGAG	20	0	0	0	24
AAGAI	0	0	0	0	13
AAGAL	27	0	0	0	10
AAGAP	13	0	0	0	0
AAGAV	14	0	0	0	11
AAGDA	0	0	0	0	10
AAGFA	13	0	0	0	11
AAGEL	12	0	0	0	0
AAGFA	13	0	0	0	0
AAGGL	14	0	0	0	10
AAGIA	10	0	0	0	25
AAGIG	10	0	0	0	0
AAGLA	25	0	0	0	11
AAGIS	0	0	0	0	12
AAGIV	0	0	0	0	11
AAGLA	0	0	0	0	36
AAGLD	20	0	0	0	13
AAGLG	10	0	0	0	35
AAGLL	32	0	0	0	13
AAGLP	26	0	0	0	24
AAGLR	10	0	0	0	0
AAGRA	12	0	0	0	11
AAGLT	0	0	0	0	12
AAGLV	0	0	0	0	11
AAGRL	27	0	0	0	13
AAGSA	10	0	0	0	11
AAGSG	0	0	0	0	14
AAGVA	12	0	0	0	27
AAGVP	13	0	0	0	0
AAGVT	10	0	0	0	10
AAGYE	12	0	0	0	0
AAIAA	26	10	0	0	83
AAIAG	0	0	0	0	25
AAIAL	0	0	0	0	16
AAIAR	0	0	0	0	12
AAIDA	11	0	0	0	12
AAIEA	11	15	0	12	46
AAIER	10	0	0	0	0
AAILA	11	0	0	0	13
AAIGG	0	0	0	0	11
AAIGL	0	0	0	0	11
AAILA	0	0	0	0	25
AAIRA	14	0	0	0	10
AAIRE	0	0	0	0	10
AAIRG	0	0	0	0	10
AAISA	0	0	0	0	12
AAIVL	0	0	0	0	10
AAKAA	0	0	0	0	43
AAKAG	0	0	0	0	10
AAKLA	0	0	0	0	10
AAKPA	0	0	0	0	11
AAKRD	0	0	0	0	20
AAKRL	0	0	0	0	25
AALAA	112	0	14	0	117
AALAD	29	0	0	0	10
AALAE	51	0	0	0	47
AALAF	0	0	0	0	12
AALAG	60	0	0	0	60
AALAI	0	0	0	0	12
AALAL	54	0	0	0	51
AALAP	0	0	0	0	10
AALAR	51	0	0	0	36
AALAS	23	0	0	0	31
AALAT	0	0	0	0	11
AALAV	28	0	0	0	50
AALDA	31	0	0	0	17
AALDE	10	0	0	0	10
AALDG	0	0	0	0	23
AALDL	0	0	0	0	10
AALEA	10	10	12	10	29
AALEA	36	0	0	0	0
AALEQ	11	0	0	0	22
AALER	33	0	0	0	11
AALEV	10	0	0	0	0
AALGA	28	0	0	0	10
AALGA	0	0	0	0	35
AALGG	11	0	0	0	13
AALGG	31	0	0	0	0
AALGL	35	0	0	0	11
AALGL	0	0	0	0	29
AALGV	10	0	0	0	22
AALIA	11	0	0	0	40
AALIG	10	0	0	10	23
AALKA	14	0	0	0	45
AALKD	0	0	0	0	10
AALLA	66	0	0	13	64
AALLD	17	0	0	0	0
AALLE	35	0	0	0	0
AALLG	36	0	0	0	31
AALLL	69	0	0	0	35
AALLP	10	0	0	0	0
AALLR	15	0	0	0	11
AALLS	0	0	0	0	38
AALLT	0	0	0	0	10
AALLV	15	0	0	0	10
AALPA	29	0	0	0	23
AALPG	23	0	0	0	0
AALQA	10	0	0	0	0
AALRA	32	0	0	0	31
AALRD	11	0	0	0	0
AALRE	22	0	0	0	0
AALRG	16	0	0	0	0
AALRH	10	0	0	0	0
AALRL	17	0	0	0	11
AALRQ	12	0	0	0	0
AALRR	20	0	0	0	20
AALRV	11	0	0	0	0
AALSA	27	0	0	0	41
AALSL	10	0	0	0	20
AALTA	0	0	0	0	33
AALVA	12	10	0	0	52
AALTL	12	0	0	0	0
AALTR	10	0	0	0	0
AALVA	37	0	0	0	0
AALVE	10	0	0	0	0
AALVL	11	0	0	0	0
AAPAA	26	0	0	0	10
AALVT	0	0	0	0	10
AALVV	0	0	0	0	11
AAMAA	0	0	0	0	14
AAMVE	0	0	0	0	10
AANAL	0	0	0	0	29
AAPAA	0	0	0	0	38
AAPAL	16	0	0	0	10
AAPAP	0	0	0	0	12
AAPAS	0	0	0	0	11
AAPVA	10	0	0	0	11
AAPLL	11	0	0	0	0
AAPPA	12	0	0	0	0
AAQAA	31	0	0	0	10
AAQAG	11	0	0	0	0
AAQAL	15	0	0	0	0
AAQLV	10	0	0	0	0
AAQRA	11	0	0	0	0
AARAA	37	0	0	0	53
AARAE	0	0	0	0	11
AARAG	30	16	0	15	69
AARAL	30	0	0	0	30
AAREA	0	0	0	0	32
AARHL	12	0	0	0	10
AARGL	21	0	0	0	0
AARLA	50	0	12	0	10
AARLA	0	0	0	0	43
AARLG	28	0	0	0	14
AARLL	32	0	0	0	26
AARLQ	10	0	0	0	0
AARLR	23	0	0	0	14
AARNA	0	0	0	0	10
AARRA	13	0	0	0	28
AARQL	20	0	0	0	0
AARRA	11	0	0	0	0
AARRG	10	0	0	0	0
AARRL	26	0	0	0	18
AARRR	15	0	0	0	0
AARSL	11	0	0	0	0
AARTV	13	0	0	0	0
AASAA	30	0	0	0	33
AASAL	12	0	0	0	12
AASAV	0	0	0	0	10
AASGS	10	0	0	0	14
AASGR	11	0	0	0	0
AASLA	35	11	0	11	28
AASLG	10	0	0	0	10
AASLL	0	0	0	0	10
AASLV	0	0	0	0	11
AASPA	0	0	0	0	11
AASVA	0	0	0	0	25
AATAA	0	0	0	0	46
AATAL	0	0	0	0	14
AATGA	0	0	0	0	10
AATLA	26	0	0	0	25
AATLL	13	0	0	0	0
AATVA	11	0	0	0	12
AATTA	0	0	0	0	10
AAVAA	53	0	14	0	67
AAVAD	0	0	0	0	10
AAVAG	22	0	0	0	34
AAVAL	17	0	0	0	36
AAVAQ	0	0	0	0	10
AAVAS	12	0	0	0	10
AAVAV	0	0	0	0	20
AAVDA	0	0	0	0	37
AAVEA	14	0	0	0	25
AAVER	24	0	0	0	0
AAVGA	11	0	0	0	10
AAVIG	0	0	0	0	11
AAVIV	0	0	0	0	10
AAVLA	10	0	0	0	48
AAVLA	28	0	0	0	0
AAVLG	10	0	0	0	11
AAVLL	30	0	0	0	23
AAVLV	10	0	0	0	0
AAYLV	13	0	0	0	10
AAVTA	0	0	0	0	11
AAVVA	0	0	0	0	10
ADAAA	0	0	0	0	42
ADAAG	0	0	0	0	13
ADAAR	0	0	0	0	12
ADAGI	0	0	0	0	10
ADAIA	0	0	0	0	11
ADALA	29	0	0	0	40
ADALL	10	0	0	0	0
ADGGT	11	0	0	0	11
ADCKN	0	0	0	0	18
ADEPT	0	0	0	0	38
ADGTV	24	0	0	0	10
ADGSL	16	0	0	0	0
ADGTL	16	0	0	0	0
ADLAA	31	0	0	0	13
ADIDA	0	0	0	0	11
ADLAA	0	0	0	0	27
ADLAE	0	0	0	0	14
ADLAK	0	0	0	0	10
ADLAR	12	0	0	0	11
ADLAV	11	0	0	0	0
ADLDA	10	0	0	0	11
ADLEQ	10	0	0	0	0
ADLFR	10	0	0	0	0
ADLLA	12	0	0	0	11
ADLLA	0	0	0	0	13
ADRAA	11	0	0	0	11
ADLLG	12	0	0	0	0
ADLRL	10	0	0	0	0
ADTFR	12	0	0	0	12
ADRLV	0	0	0	0	10
ADTLG	0	0	0	0	10
ADTLI	0	0	0	0	13
ADVAA	0	0	0	0	10
ADVAR	0	0	0	0	10
AEAAA	31	0	0	0	42
AEAAE	0	0	0	0	11
AEAAK	21	0	0	0	13
AEAAL	16	0	0	0	22
AEAAR	24	0	0	0	48
AEAEA	11	10	0	0	22
AEAEL	11	0	0	0	0
AEAGL	16	0	0	0	11
AEAGA	0	0	0	0	10
AEAGL	0	0	0	0	11
AEAIA	0	0	0	0	12
AEALA	28	0	0	0	27
AEALE	10	0	0	0	0
AEALG	34	0	0	0	15
AEALL	33	0	0	0	0
AEALQ	10	0	0	0	0
AEALR	37	0	0	0	0
AEARA	15	0	0	0	0
AEAVA	10	0	0	0	0
AEEAK	11	0	0	0	21
AEEAA	0	0	0	0	11
AEEAG	0	0	0	0	11
AEEIA	10	0	0	0	10
AEEIA	11	0	0	0	0
AEELG	10	0	0	0	0
AEGLA	10	0	0	0	0
AEGLL	11	0	0	0	0
AEGRR	12	0	0	0	23
AEIAA	10	0	0	0	41
AEIAR	0	0	0	0	13
AELAA	12	0	0	0	24
AELAA	52	0	0	0	0
AELAD	10	0	0	0	0
AELAE	15	0	0	0	0
AELAG	15	0	0	0	0
AELAR	36	0	0	0	12
AELDA	20	0	0	0	0
AELEL	10	0	0	0	0
AELER	29	0	0	0	0
AELGE	10	0	0	0	0
AELGL	12	0	0	0	0
AELLA	34	0	0	0	0
AELLE	15	0	0	0	0
AELLL	10	0	0	0	0
AELPA	10	0	0	0	0
AELRA	11	0	0	0	0
AELRR	27	0	0	0	0
AELVR	10	0	0	0	10
AENSH	0	0	0	0	16
AERAA	10	0	10	0	22
AERAA	26	0	0	0	0
AERAG	12	0	0	0	0
AERER	10	0	0	0	10
AERDI	0	0	0	0	10
AERLA	12	0	0	0	16
AERGL	29	0	0	0	0
AERLA	53	0	0	0	0
AERLG	38	0	0	0	10
AERLL	17	0	0	0	0
AERLR	22	0	0	0	10
AERRA	0	0	0	0	11
AETAA	12	0	0	0	10
AETAA	12	0	0	0	0
AEVAA	22	0	0	0	10
AEVAA	0	0	0	0	11
AFAAA	16	0	0	0	42
AEVLK	12	0	0	0	0
AEVQR	12	0	0	0	0
AFAAL	12	0	0	0	11
AFAAP	0	0	0	0	14
AFAGL	12	0	0	0	10
AFALA	10	0	0	0	0
AFTGA	11	0	0	0	10
AFNAL	0	0	0	0	13
AFQTN	0	0	0	0	13
AGAAA	32	0	0	0	41
AGAAG	15	0	0	0	15
AGAAL	40	10	0	0	32
AGAAR	10	0	0	0	0
AGAAV	10	0	0	0	10
AGADL	11	0	0	0	0
AGAGL	10	0	0	0	19
AGADV	0	0	0	0	10
AGAGA	0	0	0	0	12
AGAGS	0	0	0	0	11
AGAIV	0	0	0	0	14
AGALL	28	0	0	0	22
AGALG	10	0	0	0	0
AGALL	31	0	0	0	0
AGALR	10	0	0	0	0
AGARL	26	0	0	0	0
AGASL	10	0	0	0	11
AGATL	28	0	0	0	0
AGAVA	10	0	0	0	10
AGAVT	0	0	0	12	10
AGDAL	0	0	0	0	10
AGDAV	0	0	0	0	10
AGDDI	0	0	0	0	10
AGDSV	0	0	0	0	10
AGEAG	0	0	0	0	23
AGEIL	0	0	0	0	11
AGERL	13	0	0	0	21
AGERL	27	0	0	0	0
AGFAA	23	0	0	0	0
AGGAA	21	0	0	0	11
AGFIG	0	0	0	0	21
AGGLL	24	12	0	0	12
AGGAY	11	0	0	0	0
AGGLL	12	0	0	0	0
AGGRL	10	0	0	0	0
AGGVL	10	0	0	0	0
AGIAA	22	0	0	0	28
AGIAG	0	0	0	0	10
AGIAL	10	0	0	0	20
AGILA	0	0	0	0	12
AGILL	0	0	0	0	11
AGIPV	10	0	0	0	10
AGIVG	0	0	0	0	12
AGKAA	0	0	0	0	10
AGKGF	0	0	0	0	12
AGKST	26	14	0	19	58
AGKTT	13	16	0	14	30
AGLAA	19	0	0	0	62
AGLAD	11	0	0	0	10
AGLAE	22	0	0	0	0
AGLAG	32	0	0	0	13
AGLAI	0	0	0	0	10
AGLAL	52	0	0	0	10
AGLAV	12	0	0	0	16
AGLDA	0	0	0	0	10
AGLGL	10	0	0	0	24
AGLGG	16	0	0	0	0
AGLGL	31	0	0	0	0
AGLGV	12	0	0	0	0
AGLLA	47	0	0	0	33
AGLLD	12	0	0	0	0
AGLLG	12	0	0	0	10
AGLLL	37	11	0	10	23
AGLLP	10	0	0	0	0
AGLLR	13	0	0	0	0
AGLLV	24	0	0	0	21
AGLPA	18	0	0	0	0
AGLPL	10	0	0	0	10
AGLPV	23	0	0	0	0
AGLQA	12	0	0	0	0
AGLRA	10	0	0	0	0
AGLRL	29	0	0	0	10
AGLSA	13	0	0	0	12
AGLTA	0	0	0	0	10
AGLVA	14	0	0	0	33
AGLVG	10	0	0	0	0
AGLVL	10	0	0	0	10
AGNDT	0	0	0	0	16
AGRLA	10	0	0	0	13
AGRAL	12	0	0	0	0
AGRLA	14	0	0	0	0
AGRLG	13	0	0	0	0
AGRLL	23	0	0	0	0
AGRLP	11	0	0	0	0
AGRLR	16	0	0	0	0
AGRPL	13	0	0	0	13
AGRRL	10	0	0	0	0
AGSLL	22	0	0	0	11
AGTWK	0	0	0	0	10
AGVAA	0	0	0	0	11
AGVAG	10	0	0	0	10
AGVEA	0	0	0	0	26
AGVTT	12	0	0	0	11
AGVPV	11	0	0	0	0
AGVRQ	10	0	0	0	0
AGVVA	10	0	0	0	0
AIAAA	27	0	0	0	71
AIAAE	0	0	0	0	10
AIAAG	0	0	0	0	48
AIAAL	12	0	0	0	50
AIAAR	0	0	0	0	22
AIAAS	10	0	0	0	11
AIAAT	0	0	0	0	10
AIAAV	0	0	0	0	20
AIADA	0	0	0	0	10
AIAEA	13	0	0	0	26
AIAGL	0	0	0	0	12
AIALA	13	0	0	0	29
AIALG	25	0	0	0	0
AIALL	14	13	0	0	14
AIALV	0	0	0	0	10
AIARA	25	0	0	0	62
AIARR	10	0	0	0	0
AIGAL	10	12	0	11	25
AIEAA	0	0	0	10	25
AIERN	0	0	0	0	18
AIGAG	0	0	0	0	10
AIGAL	0	0	0	0	10
AIGIA	0	0	0	0	10
AIGRA	10	10	0	0	13
AIGVL	0	10	0	0	0
ALAAG	10	12	16	10	10
AIIAL	0	0	0	0	14
AIIGA	0	0	0	0	10
AILAA	0	0	0	0	38
AILAG	0	0	0	0	27
AILLA	10	0	0	0	11
AILKA	12	0	0	0	0
AKALR	12	0	0	0	10
AITAA	0	0	0	0	10
AITGA	0	0	0	0	12
AIVAL	0	0	0	0	11
AKAAA	0	0	0	0	13
AKAAE	0	0	0	0	12
AKAAG	0	0	0	0	34
AKADG	0	0	0	0	10
AKALA	0	0	0	0	11
AKALG	0	0	0	0	10
AKAVD	0	0	0	0	10
AKELG	0	0	0	0	14
AKGLS	0	0	0	0	10
AKIGE	0	0	0	0	10
AKLAG	0	0	0	0	10
AKRDV	0	0	0	0	15
AKRLL	0	0	0	0	21
ALAAA	82	0	0	0	97
ALAAD	0	0	0	0	14
ALAAE	34	0	0	0	40
ALAAG	48	0	0	0	57
ALAAI	24	0	0	0	42
ALAAL	85	0	0	0	80
ALAAP	11	0	0	0	0
ALAAR	43	0	0	0	40
ALAAS	11	0	0	0	46
ALAAT	0	0	0	0	22
ALAAV	32	0	0	0	54
ALADA	29	0	0	0	36
ALADG	10	0	0	0	0
ALADL	24	0	0	0	24
ALADR	12	0	0	0	21
ALAEA	46	14	0	14	41
ALAEG	14	0	0	0	0
ALAEL	31	0	0	0	0
ALAEQ	27	0	0	0	0
ALAER	57	0	0	0	11
ALAEV	11	0	0	0	0
ALAGA	34	0	0	0	23
ALAGA	0	0	0	0	39
ALAGG	12	0	0	0	23
ALAGG	15	0	0	0	0
ALAGL	63	0	0	0	45
ALAGR	25	0	0	0	21
ALAGV	14	0	0	0	0
ALAIA	29	0	0	0	17
ALAIG	0	0	0	0	10
ALALA	66	11	0	11	61
ALALD	0	0	0	0	14
ALALG	30	0	0	0	10
ALALI	10	0	0	0	10
ALALL	55	0	0	12	33
ALALR	13	0	0	0	0
ALALS	15	0	0	0	0
ALALV	30	0	0	0	12
ALAPA	10	0	0	0	0
ALAPL	32	0	0	0	0
ALAQG	12	0	0	0	10
ALARA	41	0	0	0	35
ALARE	26	0	0	0	0
ALARG	12	0	0	0	0
ALARL	45	0	0	0	10
ALARQ	10	0	0	0	0
ALARR	29	0	0	0	19
ALARS	0	0	0	0	11
ALART	0	0	0	0	10
ALASA	27	0	0	0	13
ALASG	20	0	0	0	10
ALASL	19	0	0	0	0
ALATL	25	0	0	0	24
ALATL	0	0	0	0	11
ALAVA	26	0	0	0	39
ALAVG	10	0	0	0	0
ALAVL	28	0	0	0	32
ALAVP	10	0	0	0	0
ALAVS	10	0	0	0	0
ALDAA	29	0	0	0	22
ALDAG	14	0	0	0	0
ALDAL	26	0	0	0	0
ALDGN	10	0	0	0	11
ALDGA	0	0	0	0	10
ALDVS	17	0	0	0	10
ALDVT	0	0	0	0	17
ALEAA	25	0	0	0	29
ALEAE	10	0	0	0	0
ALEAG	11	12	0	0	10
ALEAL	28	0	0	0	10
ALEAQ	10	0	0	0	0
ALEAR	23	0	0	0	0
ALEEA	10	0	0	0	12
ALEEA	0	0	0	0	10
ALERA	24	0	0	0	23
ALELL	24	0	0	0	0
ALELR	12	0	0	0	0
ALEQA	11	0	0	0	0
ALERA	15	0	0	0	0
ALERL	23	0	0	0	12
ALERR	22	0	0	0	0
ALFAA	11	0	0	0	10
ALFGA	11	0	0	0	0
ALFGG	14	0	0	0	0
ALFLL	10	0	0	0	0
ALGAA	24	0	0	0	35
ALGAD	14	0	0	0	0
ALGAL	31	0	0	0	13
ALGEL	11	0	0	0	0
ALGER	24	0	0	0	0
ALGFT	15	0	0	0	0
ALGGA	20	0	0	0	11
ALGGA	0	0	0	0	10
ALGGL	13	0	0	0	13
ALGGL	15	0	0	0	0
ALGLA	37	0	0	0	10
ALGKA	0	0	0	0	10
ALGLA	0	0	0	0	28
ALGLG	10	0	0	0	11
ALGLG	32	0	0	0	0
ALGLL	19	0	0	0	27
ALGLP	28	0	0	0	0
ALGLS	29	11	0	11	0
ALGLT	0	0	0	10	0
ALLEA	13	10	0	13	10
ALGVA	0	0	0	0	13
ALIAA	11	0	0	0	30
ALIAA	13	0	0	0	0
ALIAE	10	0	0	0	0
ALIAL	13	0	0	0	0
ALIEA	11	0	0	0	21
ALIAV	0	0	0	0	10
ALKAA	12	0	0	0	21
ALILL	26	0	0	0	0
ALIRR	12	0	0	0	0
ALLAA	69	0	0	0	61
ALLAD	13	0	0	0	0
ALLAE	43	0	0	0	39
ALLAF	11	0	0	0	12
ALLAG	72	0	0	0	20
ALLAL	74	0	0	0	45
ALLAR	47	0	0	0	0
ALLAS	33	0	0	0	0
ALLAT	18	0	0	0	0
ALLAV	33	0	0	0	0
ALLDA	15	0	0	0	0
ALLDR	11	0	0	0	0
ALLEA	40	0	0	0	10
ALLEG	24	0	0	0	0
ALLEL	13	0	0	0	0
ALLER	32	0	0	0	0
ALLGA	40	0	0	0	21
ALLGG	17	0	0	0	0
ALLGI	10	0	0	0	11
ALLGK	0	0	0	0	12
ALLGL	45	0	0	0	21
ALLGR	11	0	0	0	0
ALLGS	10	0	0	0	0
ALLGT	10	0	0	0	0
ALLIA	13	0	0	0	25
ALLKR	10	10	0	0	0
ALLLA	69	0	0	0	39
ALLLE	11	0	0	0	0
ALLLG	48	0	0	0	0
ALLLL	42	0	0	13	37
ALLLP	22	0	0	0	0
ALLLS	21	0	0	0	0
ALLLT	11	0	0	0	0
ALLLV	32	0	0	0	0
ALLPA	10	0	0	0	0
ALLPG	10	0	0	0	0
ALLPL	23	0	0	0	0
ALLQA	12	0	0	0	13
ALLRA	26	0	0	0	0
ALLRE	16	0	0	0	0
ALLRG	10	0	0	0	0
ALLRK	11	0	0	0	0
ALLRL	14	0	0	0	0
ALLRR	16	0	0	0	0
ALLSL	22	0	0	0	13
ALLTL	12	0	0	0	0
ALLVA	27	0	0	0	14
ALLVE	10	0	0	0	0
ALLVG	10	0	0	0	0
ALPAA	26	0	0	0	10
ALNAA	0	0	0	0	10
ALNAG	0	0	0	0	28
ALNAL	0	0	0	0	25
ALPAA	0	0	0	0	12
ALQAA	14	0	0	0	11
ALPEA	10	0	0	0	0
ALPGL	22	0	0	0	0
ALPLA	15	0	0	0	0
ALPLL	23	0	0	0	0
ALPRP	10	0	0	0	0
ALQAA	21	0	0	0	0
ALQAL	14	0	0	0	0
ALQQA	14	0	0	0	0
ALQRL	10	0	0	0	0
ALRAA	35	0	0	0	10
ALRAG	16	0	0	0	0
ALRAL	26	0	0	0	0
ALRDR	11	0	0	0	0
ALREA	32	0	0	0	0
ALREL	10	0	0	0	0
ALRER	29	0	0	0	16
ALRLA	27	11	0	0	20
ALRLL	21	0	0	0	0
ALRQL	10	0	0	0	0
ALRQR	11	0	0	0	0
ALRRA	29	0	0	0	0
ALRRL	26	0	0	0	12
ALRRR	12	0	0	0	0
ALSAA	23	0	0	0	10
ALSAA	0	0	0	0	18
ALSAG	10	0	0	0	11
ALSAL	15	0	0	0	24
ALSAV	0	0	0	0	10
ALSGA	0	0	0	0	10
ALSKW	14	0	0	0	34
ALSLA	11	0	0	0	11
ALSLL	10	0	0	0	10
ALSLS	0	0	0	0	12
ALSRA	0	0	0	0	10
ALSRL	0	0	0	0	10
ALTAA	0	0	0	0	38
ALTAS	12	0	0	0	10
ALTGL	11	0	0	0	0
ALTLA	15	0	0	10	10
ALTLL	12	0	0	0	12
ALVAA	34	0	0	10	46
ALVAG	26	0	0	0	0
ALVAL	33	0	0	0	15
ALVEA	13	0	0	0	11
ALVER	11	0	0	0	0
ALVFG	11	0	0	0	0
ALVGA	13	0	0	0	10
ALVGE	0	0	0	0	11
ALVLA	26	0	0	0	12
ALVLG	14	0	0	0	0
ALVLL	34	0	0	0	0
ALVLV	10	0	0	0	0
ALVSA	10	0	0	0	0
AMLLA	10	0	0	0	22
ALYPH	0	0	0	0	22
AMAAA	0	0	0	0	24
AMALA	0	0	0	0	11
AMAQW	0	0	0	0	16
AMLAA	0	0	0	0	10
AMTMA	0	0	0	0	10
AMVFQ	0	0	0	0	33
ANAAA	0	0	0	0	10
ANAFN	0	0	0	0	12
ANALA	0	0	0	0	27
ANALN	0	0	0	0	17
ANDAA	0	0	0	0	10
ANVEN	12	0	0	0	14
APAAA	38	0	0	0	29
APAAL	0	0	0	0	10
APAAP	25	0	0	0	13
APAGA	12	0	0	0	0
APAGS	10	0	0	0	0
APALA	15	11	0	0	25
APAPA	30	0	0	0	25
APDLA	0	0	0	0	10
APLLA	27	0	0	0	12
APLLA	25	0	0	0	0
APLRE	10	0	0	0	0
APLVL	12	0	0	0	0
APPAP	11	0	0	0	0
APRLL	10	0	0	0	0
APVAA	10	0	0	0	10
AQAAG	28	0	0	0	0
AQAAL	25	0	0	0	11
AQAAR	11	0	0	0	0
AQALA	27	0	0	0	0
AQAVA	10	0	0	0	0
AQRAA	24	0	0	0	10
AQEVR	0	0	0	0	12
AQGVA	0	0	0	0	13
AQRSA	21	0	0	0	24
AQWKA	0	0	0	0	16
ARAAA	26	0	0	0	35
ARAAE	0	0	0	0	13
ARAAG	48	0	0	0	34
ARAAL	30	0	0	0	11
ARAAR	21	0	0	0	10
ARAEA	11	0	0	0	10
ARAGD	0	0	0	0	11
ARAGE	0	11	0	0	38
ARAIA	0	0	0	0	22
ARAKG	0	0	0	0	12
ARALA	41	0	0	12	84
ARALE	11	0	0	0	0
ARALG	34	0	0	0	11
ARALI	0	0	0	0	15
ARALV	25	0	0	0	10
ARALV	11	0	0	0	0
ARAQL	10	0	0	0	0
ARARA	11	0	0	0	13
ARARL	21	0	0	0	0
ARDAG	10	0	0	0	22
ARAVW	0	0	0	0	20
AREAA	0	0	0	0	11
ARELG	15	0	0	0	12
AREAL	12	0	0	0	0
ARELE	10	0	0	0	0
ARELG	21	0	0	0	0
ARERL	10	0	0	0	0
ARGLD	10	0	0	0	15
ARIAA	0	0	0	0	10
ARIEA	10	0	0	0	10
ARKLL	0	0	0	0	10
ARLAA	52	0	0	0	44
ARLAD	13	0	0	0	10
ARLAE	34	0	0	0	10
ARLAG	44	0	0	0	30
ARLAL	11	0	0	0	0
ARLAP	10	0	0	0	0
ARLAR	34	0	0	0	11
ARLDA	11	0	0	0	0
ARLDG	10	0	0	0	0
ARLEA	11	0	0	0	0
ARLGA	10	0	0	0	0
ARLGE	12	0	0	0	0
ARLGL	10	0	0	0	11
ARLGL	0	0	0	0	10
ARLLA	14	0	0	0	13
ARLIA	12	0	0	0	0
ARLLA	39	0	0	0	0
ARLLD	10	0	0	0	0
ARLLE	27	0	0	0	0
ARLLG	40	0	0	0	0
ARLLL	33	0	0	0	0
ARLPA	11	0	0	0	0
ARLQA	11	0	0	0	0
ARLRA	10	0	0	0	0
ARLRD	15	0	0	0	0
ARLRE	29	0	0	0	0
ARLRG	11	0	0	0	0
ARLRP	10	0	0	0	0
ARLRQ	11	0	0	0	0
ARLVA	13	0	0	0	11
ARQAA	13	0	0	0	0
ARQAL	13	0	0	0	0
ARQAR	24	0	0	0	0
ARQGL	10	0	0	0	0
ARQLA	18	0	0	0	0
ARQLL	12	0	0	0	0
ARRAA	23	0	0	0	0
ARRAG	12	0	0	0	0
ARREG	10	0	0	0	0
ARRGV	10	0	0	0	0
ARRLA	32	0	0	0	46
ARRLD	10	0	0	0	0
ARRLE	11	0	0	0	0
ARRLG	40	0	0	0	10
ARRLL	25	0	0	0	0
ARRLR	11	0	0	0	0
ARRQG	11	0	0	0	0
ARTLA	12	0	0	0	10
ARTPE	11	0	0	0	0
ARVEA	10	0	0	0	0
ARVLG	10	0	0	0	13
ARVRA	12	0	0	0	0
ARYRA	10	0	0	0	0
ASAAL	10	0	0	0	28
ASAAL	0	0	0	0	22
ASAEA	0	0	0	0	10
ASAET	0	0	0	0	12
ASAIA	0	0	0	0	11
ASALA	26	0	0	0	11
ASALG	0	0	0	0	11
ASAVA	27	0	0	0	10
ASEAA	10	0	0	0	11
ASGAG	0	0	0	0	12
ASGKL	0	0	0	0	11
ASLAA	13	0	0	0	27
ASLAA	27	0	0	0	0
ASLAE	14	0	0	0	10
ASLAG	23	0	0	0	0
ASLAL	14	0	0	0	0
ASLAV	11	0	0	0	0
ASLGA	10	0	0	0	10
ASLLA	27	0	0	0	23
ASLLD	0	0	0	0	11
ASLNG	13	0	0	0	10
ASLSF	0	0	0	0	10
ASRAA	16	0	0	0	10
ASSGI	0	0	0	0	11
ASYTL	0	0	0	0	11
ATAAA	10	0	0	0	20
ATAAI	0	0	0	0	11
ATAIA	0	0	0	0	10
ATALA	0	0	0	0	25
ATGGG	24	0	0	0	11
ATHIH	0	0	0	0	12
ATIAA	0	0	0	0	10
ATLAA	0	0	0	0	22
ATLAS	11	0	0	0	11
ATLAG	10	0	0	0	0
ATLLA	13	0	0	0	0
ATLLD	10	0	0	0	0
ATLLL	25	0	0	0	0
AVAAA	25	0	14	0	11
ATQAL	0	0	0	0	11
ATSAL	0	0	0	0	10
ATVAA	0	0	0	0	10
ATVEA	0	0	0	0	11
AVAAA	0	0	0	0	72
AVAAE	0	0	0	0	11
AVAAF	0	0	0	0	10
AVAAG	33	0	0	0	38
AVAAI	0	0	0	0	10
AVAAL	32	0	0	0	36
AVAAR	0	0	0	0	12
AVAAV	15	0	0	0	11
AVADA	0	0	0	0	22
AVADL	10	0	0	0	11
AVAEA	13	0	0	0	10
AVAEE	10	0	0	0	0
AVALA	15	0	0	0	36
AVAGG	0	0	0	0	23
AVAGL	0	0	0	0	12
AVAIA	0	0	0	0	10
AVAIG	0	0	0	0	10
AVALA	0	0	0	0	48
AVALL	11	0	0	0	11
AVALL	10	0	0	0	0
AVASL	10	0	0	0	26
AVARL	0	0	0	0	10
AVASA	0	0	0	0	13
AVAVA	11	0	0	0	21
AVDAA	0	0	0	0	10
AVDQD	11	0	0	0	20
AVEAA	11	0	0	0	36
AVEAG	0	0	0	0	13
AVGAA	26	0	0	0	13
AVELA	12	0	0	0	0
AVERA	23	0	0	0	0
AVERG	12	0	0	0	0
AVGLA	15	0	0	0	10
AVIAA	0	0	0	0	21
AVIAG	0	0	0	0	12
AVIAV	0	0	0	0	10
AVIGA	0	0	0	0	10
AVKAA	0	0	0	0	11
AVLAA	44	0	0	0	59
AVLAG	30	0	0	10	25
AVLAL	29	0	0	0	0
AVLAR	27	0	0	0	0
AVLEA	12	0	0	0	0
AVLGA	11	0	0	0	10
AVLGG	0	0	0	0	11
AVLLA	30	10	0	11	29
AVLLG	21	0	0	0	0
AVLLL	30	0	0	0	10
AVLLP	10	0	0	0	11
AVLRR	10	0	0	0	0
AVRAG	10	0	0	0	10
AVREA	13	0	0	0	0
AVSAA	11	0	0	0	14
AVSAA	0	0	0	0	24
AVSDT	0	0	0	0	10
AVTAA	0	0	0	0	14
AVTGA	0	0	0	0	10
AVVAA	0	0	0	0	22
AVVAL	0	0	0	0	11
AVVAQ	0	0	0	0	25
AVVLA	10	11	0	10	12
AVWLY	0	0	0	0	20
AYARQ	10	0	0	0	11
AYVIY	12	0	0	0	0
DAAAL	10	0	0	0	49
CKNAA	0	0	0	0	20
DAAAA	0	0	0	0	16
DAAAL	0	0	0	0	16
DAAKA	0	0	0	0	10
DAAKR	0	0	0	0	11
DAALA	31	0	0	0	16
DAALR	12	0	0	0	0
DAEGR	16	0	0	0	23
DAARR	0	0	0	0	25
DAAVA	0	0	0	0	10
DAGLA	0	0	0	0	10
DAIAA	10	0	0	0	27
DAIAA	10	0	0	0	0
DALAA	27	0	0	0	10
DALAA	0	0	0	0	44
DALLP	20	0	0	0	11
DALAV	10	0	0	0	0
DALEA	10	0	0	0	0
DALLA	32	0	0	0	0
DALLL	10	0	0	0	0
DALLR	10	0	0	0	0
DALRA	13	0	0	0	0
DARLL	11	0	0	0	12
DAVAA	13	0	0	0	14
DAVLA	22	0	0	0	0
DDLAA	10	0	0	0	10
DCKNA	0	0	0	0	18
DDDDD	0	0	0	0	11
DEAAA	0	0	0	0	11
DEIAF	20	10	0	0	11
DEELA	10	0	0	0	0
DELAA	10	0	0	0	19
DELRR	10	12	0	11	0
DEPTN	0	0	0	13	10
DEPLS	0	0	0	0	34
DEPTA	0	0	0	0	22
DEPTL	0	0	0	0	20
DEPTS	0	0	0	0	41
DEPTT	0	0	0	0	15
DEVVI	0	0	0	0	22
DGEAA	10	0	0	0	10
DGAAA	11	0	0	0	0
DGELA	11	0	0	0	0
DGGAG	40	0	0	0	0
DGKIL	18	0	0	0	12
DGLAR	13	0	0	0	0
DGLLA	11	0	0	0	0
DGLSA	10	0	0	0	0
DGRLL	32	0	0	0	12
DGRPL	12	0	0	0	0
DGSLD	11	0	0	0	0
DGTLD	13	0	0	0	10
DGYVL	0	0	0	0	21
DILVN	16	0	0	0	13
DIWHL	0	0	0	0	18
DKLRS	0	0	0	0	19
DLAAA	22	0	0	0	38
DLAAL	29	0	0	0	0
DLAAR	11	0	0	0	0
DLARA	10	0	0	0	11
DLARL	23	0	0	0	0
DLARR	10	0	0	0	10
DLARY	10	0	0	0	0
DLLAL	10	0	0	0	11
DLDAA	0	0	0	0	27
DLFGG	0	0	0	0	11
DNAGD	12	0	0	0	10
DLLDE	10	0	0	0	0
DLLER	10	0	0	0	0
DLLLL	11	0	0	0	0
DLLRR	10	0	0	0	0
DLSAL	21	0	0	0	0
DLTLA	10	0	0	0	0
DNFFE	12	0	0	0	0
DNLPA	10	0	0	0	0
DPAAL	11	0	0	0	0
DPALA	25	0	0	0	0
DPARL	10	0	0	0	0
DPEYP	10	0	0	0	0
DPRLA	11	0	0	0	0
DRIDL	27	0	0	0	19
DRIAV	0	0	0	0	10
DRIVR	0	0	0	0	10
DRIVV	0	0	0	0	11
DRLAA	10	0	0	0	21
DRLDD	0	0	0	0	10
DTADC	14	0	0	0	24
DRLLL	10	0	0	0	0
DTFRF	12	0	0	0	0
DVAAL	10	0	0	0	13
DTLDG	0	0	0	0	10
DTLIG	0	0	0	0	14
DTLNG	0	0	0	0	12
DVAAA	0	0	0	0	11
DVMPG	0	10	0	0	10
DVERL	0	13	0	0	0
EAARA	14	20	0	11	34
DYMVP	11	0	0	0	0
EAAAA	11	0	0	0	0
EAAAL	23	0	0	0	10
EAAAL	0	0	0	0	39
EAAAR	29	0	0	0	48
EAAFA	0	0	0	0	12
EAAGA	0	0	0	0	13
EAAGI	0	0	0	0	11
EAAGL	0	0	0	0	10
EAAGR	0	0	0	0	10
EAAIA	11	0	0	0	13
EAAKA	0	0	0	0	11
EAALA	41	0	0	0	33
EAALR	22	0	0	0	0
EAAQA	11	0	0	0	0
EAARA	30	0	0	21	77
EAARE	0	0	0	0	11
EAARL	27	10	0	0	31
EAARQ	13	0	0	0	0
EAARR	15	0	0	0	23
EAAVA	10	0	0	0	11
EAAVD	0	0	0	0	10
EAEAA	14	0	0	0	11
EAEAL	10	0	0	0	0
EAEAR	10	0	0	0	0
EAERL	10	17	0	14	0
EAGEA	10	0	0	0	10
EAFLG	0	0	0	0	10
EAGAA	0	0	0	0	10
EAIAA	12	10	0	0	28
EAIAA	11	0	0	0	0
EALAA	47	0	0	0	60
EALAE	27	0	0	0	0
EALAG	17	0	0	0	11
EALAL	13	0	0	0	0
EALAR	40	0	0	0	20
EALAS	0	0	0	0	10
EALGR	10	0	0	0	10
EALEA	13	0	0	0	0
EALEL	13	0	0	0	0
EALLA	41	0	0	0	0
EALLE	11	0	0	0	0
EALLR	31	0	0	0	0
EALRA	13	0	0	10	0
EALRD	20	0	0	0	0
EALRE	14	0	0	0	12
EALRL	11	0	0	0	13
EALRQ	23	0	0	0	0
EALRR	24	0	0	0	10
EALSA	0	0	0	0	11
EALTA	0	0	0	0	10
EAMTM	13	11	0	0	10
EAQRL	10	0	0	0	0
EARAA	11	0	0	0	14
EARLQ	10	0	0	0	0
EARRR	10	0	0	0	15
EASAA	10	0	0	0	0
EAVAE	13	0	0	0	11
EAVAL	11	0	0	0	0
EAVLA	10	0	0	0	0
EAVRQ	11	0	0	0	0
EAVRR	11	0	0	0	21
EEAAR	10	0	0	0	20
EEALA	18	12	0	0	22
EEALR	0	0	0	0	11
EEARA	0	0	0	0	14
EEARR	0	0	0	0	10
EEGLL	0	0	0	0	10
EEMLL	24	10	0	0	19
EELAR	13	0	0	0	0
EGAGA	11	10	0	0	21
EGRRF	10	0	0	0	0
EIAAA	10	0	0	0	12
EHRSH	0	0	0	0	17
EIAKA	0	0	0	0	11
EIARA	0	0	0	0	14
EIARL	0	0	0	0	11
EIGRL	0	0	0	0	10
EIVQT	0	0	0	0	12
EKAGA	0	0	0	0	10
EKLAA	11	0	0	0	22
ELAAA	25	0	0	0	12
ELAAE	25	0	0	0	0
ELAAL	30	0	0	0	0
ELAAR	35	0	0	0	10
ELADA	10	0	0	0	0
ELADL	10	11	0	0	0
ELAEL	24	0	0	0	10
ELAER	13	12	0	0	10
ELAGL	11	0	0	0	0
ELAGR	13	0	0	0	0
ELALA	23	0	0	0	10
ELAQR	0	0	0	0	23
ELARR	14	0	0	0	10
ELARL	36	0	0	0	0
ELARQ	22	0	0	0	0
ELARR	29	0	0	0	0
ELAVG	10	0	0	0	0
ELEAA	10	0	0	0	0
ELEAL	10	10	0	0	0
ELEAL	0	10	0	0	0
ELERL	28	13	0	10	0
ELERL	16	0	0	0	0
ELFGH	11	0	0	0	0
ELGEI	13	0	0	0	0
ELGLD	10	0	0	0	0
ELGVG	10	0	0	0	0
ELLAA	31	10	0	10	0
ELLAE	22	0	0	0	0
ELLAL	11	0	0	0	0
ELLAR	32	10	0	0	17
ELLAS	10	0	0	0	0
ELLDA	10	0	0	0	0
ELLDE	11	0	0	0	0
ELLDR	10	0	0	0	0
ELLER	25	10	0	0	10
ELLGA	10	0	0	0	0
ELRAA	20	0	0	0	12
ELRER	10	0	0	0	0
ELRQA	11	0	0	0	0
ELRRL	12	0	0	0	0
ELSGG	10	10	0	10	31
ELSGG	0	0	0	11	0
EVERL	10	11	0	13	10
ELVAR	29	0	0	0	0
EPLPA	12	0	0	0	19
ENGAG	0	0	0	0	20
ENLTY	0	0	0	0	10
ENSHV	0	0	0	0	12
EPLSN	0	0	0	0	30
EPTLR	0	0	0	0	16
EPTSA	0	0	0	0	15
EPTTA	0	0	0	0	15
ERAAA	10	0	0	0	12
EQALA	11	0	0	0	0
EQLAA	10	0	0	0	0
EQLAR	10	0	0	0	0
EQVAR	11	0	0	0	0
ERAAE	21	0	0	0	0
ERAAR	11	0	0	0	10
ERAEA	10	0	0	0	0
ERALA	21	0	0	0	0
ERARA	10	0	0	0	0
ERARL	22	0	0	0	10
ERARR	13	0	0	0	0
ERERL	11	0	0	0	0
ERFRA	10	0	0	0	0
ERIAA	10	0	0	0	21
ERLAA	43	0	0	0	21
ERLAE	23	0	0	0	0
ERLAG	26	0	0	0	0
ERLAL	15	0	0	0	0
ERLAQ	10	0	0	0	0
ERLAR	31	0	0	0	0
ERLDA	21	0	0	0	0
ERLER	19	0	0	0	0
ERLGA	30	0	0	0	0
ERLGL	23	0	0	0	0
ERLGV	11	0	0	0	0
ERLLA	35	0	0	0	0
ERLLE	26	0	0	0	0
ERLLG	23	0	0	0	0
ERLLP	10	0	0	0	0
ERLPA	10	0	0	0	0
ERLRA	16	0	0	0	12
ERLRE	12	0	0	0	0
ERLRQ	14	0	0	0	0
ERLRR	33	0	0	0	0
ERLVA	13	0	0	0	0
ERRAR	11	0	0	0	10
ERMMQ	0	0	0	0	11
ERNDV	0	0	0	0	13
ESAQS	10	0	0	0	10
ERVAA	11	0	0	0	0
ERVGL	10	0	0	0	0
ESELF	10	0	0	0	0
EVARL	22	10	0	0	38
ETAAA	0	0	0	0	34
ETAIA	0	0	0	0	10
ETIRR	0	0	0	0	22
ETLRR	0	0	0	0	10
EVANA	0	0	0	0	12
EVREL	10	11	0	0	33
EVERL	13	0	0	0	0
EVLAA	11	0	0	0	0
EVLLA	10	0	0	0	0
FAALA	10	0	0	0	11
EVVIS	0	0	0	0	21
FAAAA	0	0	0	0	10
FAAGL	0	0	0	0	10
FAALL	25	0	0	0	11
FAALL	12	0	0	0	0
FALAA	10	0	0	0	10
FALLA	12	0	0	0	0
FALLG	11	0	0	0	0
FARLG	12	0	0	10	0
FAVVA	0	13	0	12	40
FDEPL	0	0	0	0	27
FGTAY	11	0	0	0	11
FEIAL	10	0	0	0	0
FELGG	13	0	0	0	0
FFELG	12	0	0	0	0
FGALA	11	0	0	0	0
FGLDV	11	0	0	0	0
FLARL	10	0	0	0	12
FLDEI	11	0	0	0	0
FLLAG	10	0	0	0	21
FLGLG	0	0	0	0	10
FNALS	14	0	0	0	14
FPLSL	0	0	0	0	19
FPPQI	0	0	0	0	19
FQSYA	0	0	0	0	25
FQTNL	0	0	0	0	13
FRFPL	10	0	0	0	19
FRIEL	10	0	0	0	0
FSLRE	10	0	0	0	13
FSAVR	0	0	0	0	12
FTGST	16	0	0	0	10
FVAGF	0	0	0	0	23
FVAPH	11	0	0	0	12
GAAAA	13	0	0	0	45
GAAAG	0	0	0	0	10
GAAAL	11	0	0	0	29
GAAAV	0	0	0	0	10
GAAFA	0	0	0	0	11
GAAGL	10	0	0	0	10
GAAGL	11	0	0	0	0
GAALA	44	0	0	10	10
GAAKR	0	0	0	0	11
GAALA	0	0	0	0	42
GAALI	14	0	0	0	22
GAALL	31	0	0	0	10
GAALP	10	0	0	0	0
GAALR	23	0	0	0	10
GAALS	11	0	0	0	10
GAAPA	10	0	0	0	0
GAARA	10	0	0	0	0
GAAVA	12	0	0	0	11
GAAVA	0	0	0	0	10
GAAVG	0	0	0	0	10
GAAYA	0	0	0	0	10
GADAA	0	0	0	0	11
GADAL	0	0	0	0	11
GADTL	11	0	0	12	20
GADTF	16	0	0	0	0
GAEAA	11	10	0	0	10
GADVV	0	0	0	0	10
GAGDD	10	0	0	0	12
GAFTG	14	0	0	0	0
GAGAA	12	0	0	0	0
GAGAD	11	0	0	0	0
GAGAG	12	0	0	0	0
GAGAL	10	0	0	0	0
GAGAT	20	0	0	0	0
GAGDD	13	0	0	0	0
GAGGA	10	0	0	0	0
GAGGG	10	0	0	0	0
GAGKS	26	15	0	18	11
GAGKS	0	0	0	0	64
GAGKT	13	16	0	14	43
GAGLA	12	0	0	0	10
GAGLG	26	0	0	0	0
GAGLL	12	0	0	0	0
GAGRD	38	0	0	0	22
GAGSP	10	0	0	0	0
GAGVG	10	0	0	0	10
GAIAG	0	0	0	0	10
GAIVL	0	0	0	0	10
GALAA	29	0	0	0	10
GALAG	20	0	0	0	28
GALAI	10	0	0	0	0
GALAL	24	0	0	0	11
GALAV	11	0	0	0	0
GALDA	11	0	0	0	10
GALIG	12	0	0	10	22
GALLA	60	10	0	0	27
GALLG	36	0	0	0	0
GALLL	37	0	0	0	11
GALLL	0	0	0	0	10
GALSS	10	0	0	0	11
GALLV	11	0	0	0	0
GALVG	10	0	0	0	0
GARLA	27	0	0	0	10
GANVE	0	0	0	0	10
GARVA	31	0	0	0	12
GARLV	10	0	0	0	0
GARVL	12	0	0	0	0
GATLR	22	0	0	0	12
GATLV	0	0	0	0	10
GAVAA	0	0	0	0	27
GCGKS	11	0	0	10	52
GAVLL	10	0	0	0	0
GAYVP	11	0	0	0	0
GCGKS	10	0	0	0	0
GDIVV	11	0	0	0	11
GDGAL	0	0	0	0	11
GDSVT	17	0	0	0	10
GEAAA	0	0	0	0	12
GEILA	10	0	0	0	10
GEALA	28	0	0	0	0
GEGAD	11	0	0	0	0
GEIEA	11	0	0	0	0
GELAA	13	0	0	0	0
GELAE	15	0	0	0	0
GELAR	17	0	0	0	0
GELEA	10	0	0	0	0
GELLA	28	0	0	0	0
GELLD	10	0	0	0	0
GELLR	10	0	0	0	0
GELPL	10	0	0	0	0
GELRL	14	0	0	0	0
GELVA	13	0	0	0	11
GERLA	27	0	0	0	0
GERLG	11	0	0	0	0
GERLL	10	0	0	0	0
GERLR	20	0	0	0	0
GEVLA	10	0	0	0	40
GFAAA	0	0	0	0	10
GFAVV	0	13	0	12	27
GFIGS	12	0	0	0	10
GFRIE	11	0	0	0	0
GFTGL	16	0	0	0	17
GGAAA	0	0	0	0	21
GGAGA	10	0	0	0	11
GGAGA	22	0	0	0	0
GGAGD	12	0	0	0	12
GGAGL	21	0	0	0	0
GGAGR	38	0	0	0	22
GGAIA	0	0	0	0	20
GGAVL	11	0	0	0	10
GGALG	18	0	0	0	0
GGALL	25	0	0	0	0
GGAYV	11	0	0	0	0
GGEAL	13	0	0	0	0
GGEGA	10	0	0	0	0
GGGAL	12	0	0	0	0
GGGGG	36	0	0	0	37
GGGGN	0	0	0	0	10
GGLAA	10	0	0	0	10
GGLAL	12	0	0	0	0
GGLGG	13	0	0	0	0
GGLGL	13	0	0	0	0
GGLLA	29	0	0	0	0
GGLLL	31	0	0	0	0
GGLSA	18	0	0	0	12
GGLVA	10	0	0	0	0
GGLVG	26	0	0	0	0
GGTLF	10	0	0	12	11
GGNQQ	0	0	0	0	20
GGQKH	0	0	0	0	10
GGQQQ	0	0	0	0	31
GGQRQ	0	0	0	0	81
GIAAA	0	0	0	0	42
GIAAG	0	0	0	0	11
GIAGL	10	0	0	0	10
GIALA	10	0	0	0	0
GIGLL	10	0	0	0	10
GIDLS	0	0	0	0	14
GIGAA	0	0	0	0	23
GIGLA	0	0	0	0	21
GIGRA	0	0	0	0	12
GILLI	11	0	0	0	10
GIPVV	0	0	0	0	11
GIRES	0	0	0	0	10
GIRPE	0	0	0	0	11
GIVVS	0	0	0	0	21
GIYGS	0	0	0	0	10
GKGFA	0	0	0	0	27
GKSTI	10	0	0	0	13
GKLDR	12	0	0	0	0
GKSTL	47	30	0	32	146
GKSTT	0	10	0	0	0
GKTTL	40	20	0	14	47
GKTTT	0	14	0	0	11
GLAAA	30	0	0	0	58
GLAAG	11	0	0	0	36
GLAAL	35	0	0	0	47
GLAAR	14	0	0	0	0
GLADL	11	0	0	0	24
GLAGA	10	0	0	0	10
GLAGL	16	0	0	0	30
GLAIA	15	12	0	12	21
GLAIL	12	0	0	0	0
GLALA	45	0	0	0	27
GLALG	26	0	0	0	0
GLALI	12	0	0	0	0
GLALL	57	0	0	0	14
GLALR	10	0	0	0	0
GLAPL	12	0	0	0	13
GLALV	0	0	0	0	12
GLARA	0	0	0	0	14
GLAVA	10	0	0	0	10
GLARL	11	0	0	0	0
GLATL	10	0	0	0	0
GLAVG	13	0	0	0	0
GLAVL	11	0	0	0	0
GLDAA	10	0	0	0	0
GLDAL	11	0	0	0	0
GLDVL	11	0	0	0	0
GLELL	10	0	0	0	0
GLGAA	27	0	0	0	0
GLGAL	10	0	0	0	0
GLGDA	11	0	0	0	0
GLGDG	23	0	0	0	0
GLGGL	10	0	0	0	0
GLGLA	49	12	0	17	10
GLGLA	0	0	0	0	38
GLGLG	16	0	0	0	10
GLGLL	32	0	0	10	0
GLGNG	16	0	0	0	10
GLIAA	0	0	0	0	10
GLLAA	45	10	0	11	10
GLLAG	33	0	0	0	27
GLLAI	13	0	0	0	0
GLLAL	42	0	0	0	21
GLLAR	20	0	0	0	0
GLLAS	11	0	0	0	0
GLLAV	13	0	0	0	0
GLLGA	10	0	0	0	0
GLLGG	10	0	0	0	10
GLLGL	31	0	0	0	0
GLLGR	10	0	0	0	0
GLLLA	53	0	0	0	12
GLLLA	0	0	0	0	26
GLLLI	49	0	0	0	11
GLLLI	10	0	0	0	0
GLLLL	41	11	0	0	0
GLLLT	15	0	0	0	0
GLLLV	11	0	0	10	0
GLLSG	10	0	0	0	0
GLLTL	12	0	0	0	0
GLLVL	11	0	0	0	0
GLPLL	10	0	0	0	16
GLPLV	11	0	0	0	0
GLPVL	11	0	0	0	0
GLRAL	11	0	0	0	16
GLRAR	11	0	0	0	0
GLRLA	13	0	0	0	0
GLRLD	23	0	0	0	0
GLRLL	12	0	0	0	0
GLRVL	11	0	0	0	0
GLSAA	30	0	0	0	0
GLSAL	12	0	0	0	0
GLSAP	20	0	0	0	0
GLSAR	10	0	0	0	0
GLSGA	10	0	0	0	0
GLSLL	12	0	0	0	0
GLVLA	10	0	0	12	14
GLTAA	0	0	0	0	10
GLTAL	0	0	0	0	11
GLTVA	0	0	0	0	10
GLVAA	0	0	0	0	12
GLVLA	0	0	0	10	11
GMRQR	10	0	0	0	11
GMVFQ	0	0	0	0	12
GNDTL	10	0	0	0	16
GNGYA	11	0	0	0	0
GPALA	10	0	0	0	0
GPLLA	10	0	0	0	0
GPLLR	15	0	0	0	0
GQAAL	12	0	0	10	20
GPSGC	0	0	0	0	37
GPSGS	0	0	0	0	13
GPVPV	0	0	0	0	10
GQQQR	0	0	0	0	28
GQRQR	0	0	0	0	73
GRAIV	13	0	0	0	10
GQVLV	10	0	0	0	0
GRAAL	10	0	0	0	0
GRALA	24	0	0	0	0
GRALL	10	0	0	0	0
GRDRL	10	0	0	0	0
GRLAA	11	0	0	0	10
GRKFG	0	0	0	0	12
GRLAA	0	0	0	0	15
GRLGG	10	0	0	0	10
GRLAG	12	0	0	0	0
GRLAL	13	0	0	0	0
GRLAR	10	0	0	0	0
GRLGL	10	0	0	0	0
GRLLA	29	0	0	0	0
GRLLG	11	0	0	0	0
GRLLP	10	0	0	0	0
GRLRL	21	0	0	0	0
GRLRV	11	0	0	0	0
GRLVA	10	0	0	0	0
GRPLA	24	0	0	0	0
GRPLP	20	0	0	0	0
GRRFE	11	0	0	0	0
GRRLA	15	0	0	0	0
GRRLL	10	0	0	0	0
GRRVA	11	0	0	0	0
GRSLA	12	0	0	0	0
GRTAA	10	0	0	0	0
GSAAA	11	0	0	0	0
GSGKS	27	30	0	27	12
GSGKS	0	0	0	0	82
GSGKT	30	16	0	16	60
GSGRL	10	0	0	0	0
GSLAA	11	0	0	0	0
GSLAG	10	0	0	0	0
GSLLL	10	0	0	0	0
GSLLV	10	0	0	0	0
GSLSA	10	0	0	0	0
GSRLL	10	0	0	0	0
GTALL	11	0	0	0	11
GTAYA	0	0	0	0	11
GTDTV	0	0	0	0	11
GTGLG	15	20	0	15	25
GTGLG	12	0	0	11	0
GTLAA	10	0	0	0	10
GTLAV	28	0	0	0	0
GTLFL	20	0	0	0	0
GTLLL	10	0	0	0	0
GTRTY	12	0	0	0	0
GVAGL	10	0	0	0	10
GVAAA	0	0	0	0	24
GVAAL	0	0	0	0	10
GVAGT	0	0	0	0	10
GVANA	12	0	0	0	19
GVALL	10	0	0	0	0
GVGKT	30	13	0	11	13
GVEHR	0	0	0	0	13
GVLAA	10	0	0	0	11
GVGLL	11	0	0	0	0
GVLAL	10	0	0	0	0
GVLLG	10	0	0	0	10
GVRLL	15	0	0	0	0
GVTLF	11	0	0	0	0
HDHDH	16	0	0	0	14
GYVLD	0	0	0	0	19
HELSG	0	0	0	0	10
HIHRI	0	0	0	0	16
HKGLN	0	0	0	0	17
HLDEV	10	0	0	0	21
HQLIE	10	0	0	0	0
IAALA	31	0	0	0	19
HRIRA	0	0	0	0	16
HRSHK	0	0	0	0	16
HSALA	0	0	0	0	10
HVPLR	0	0	0	0	12
HWLWR	0	0	0	0	20
IAAAA	0	0	0	0	57
IAAAE	0	0	0	0	11
IAAAI	0	0	0	0	13
IAAAK	0	0	0	0	10
IAAAL	0	0	0	0	45
IAAAR	0	0	0	0	37
IAAAS	0	0	0	0	11
IAAAV	0	0	0	0	36
IAAGA	0	0	0	0	24
IAAGL	0	0	0	0	11
IAAIA	0	0	0	0	10
IAALA	0	0	0	0	31
IAALL	10	0	0	0	13
IAALL	14	0	0	0	0
IAEAL	13	0	0	0	20
IAASL	0	0	0	0	11
IAATA	0	0	0	0	10
IAAVA	0	0	0	0	20
IAAVI	0	0	0	0	11
IAAVL	0	0	0	0	12
IADEP	0	0	0	0	14
IADLL	0	0	0	0	10
IAEAA	0	0	0	0	10
IAFQT	10	0	0	0	24
IAERL	11	0	0	0	0
IAGLL	21	0	0	0	10
IAGLA	0	0	0	0	20
IAGLE	0	0	0	0	15
IAGLG	0	0	0	0	22
IAGLV	0	0	0	0	22
IAIAR	0	0	0	0	12
IAKAL	0	0	0	0	10
IALAA	0	0	0	0	14
IALAL	0	0	0	0	22
IALLL	13	0	0	0	12
IALLL	14	0	0	0	0
IARAL	38	0	0	11	10
IAMVF	0	0	0	0	24
IAPDL	0	0	0	0	10
IARAA	0	0	0	0	13
IARAL	0	0	0	0	72
IARAV	0	0	0	0	20
IASLL	13	0	0	0	11
IAVAA	0	0	0	0	11
IDAAL	11	0	0	0	10
IDEIA	0	0	0	10	25
IEAAR	10	10	0	18	37
IDVSA	11	0	0	0	0
IEALR	12	20	0	12	0
IEARL	12	0	0	0	0
IEGAG	20	0	0	0	0
IELGE	12	0	0	0	0
IERLR	11	0	0	11	0
IGAAL	24	0	0	0	13
IGAAA	0	0	0	0	22
IGAAL	0	0	0	0	17
IGALA	0	10	0	0	11
IGAGL	0	10	0	0	0
IGAVL	15	10	0	14	0
IGAVL	13	0	0	0	0
IGGLL	10	0	0	0	10
IGGAG	0	0	0	0	21
IGGRK	0	0	0	0	10
IGIAA	0	0	0	0	13
IGLAA	0	0	0	10	12
IGLAL	0	0	0	0	12
IGRRL	10	0	0	10	12
IGLIL	0	0	0	11	0
IGLLA	0	0	0	12	0
IGLVV	0	0	0	10	0
IIGLL	0	0	0	11	16
IIARA	0	0	0	0	19
IIGGA	0	0	0	0	10
IIGVI	0	0	0	0	10
ILAAA	0	0	0	0	21
ILAAL	25	0	0	0	32
ILAGL	14	0	0	0	0
ILALA	16	0	0	0	0
ILDFD	14	12	0	11	13
ILGLL	12	0	0	0	0
ILKAG	11	0	0	0	0
ILLAG	13	0	0	0	13
ILVNN	0	11	0	12	12
IRAAL	0	0	0	0	10
IRAMA	10	0	0	0	17
IRDRG	0	0	0	0	10
IRRWG	16	0	0	0	12
IRVNA	0	0	0	0	12
ISAAA	0	0	0	0	10
ISIGG	0	0	0	0	18
ISVFS	0	0	0	0	12
ITHDL	0	0	0	0	12
IVAAA	0	0	0	0	10
IVAGL	0	0	0	0	13
IVDDD	0	0	0	0	11
IVGES	0	0	0	0	10
IVLAA	0	0	0	0	11
IVLLL	0	0	0	0	11
IVQTR	0	0	0	0	12
IVTDK	0	0	0	0	12
IVVAI	0	0	0	0	10
IVVSY	0	0	0	0	17
IWHLD	0	0	0	0	18
IYVTH	13	0	0	0	12
KAAAR	21	0	0	0	0
KAAEE	15	0	0	0	0
KAGGA	12	0	0	0	10
KAAKR	0	0	0	0	17
KAEAA	0	0	0	0	12
KAEAE	0	0	0	0	10
KAEAR	0	0	0	0	10
KAGAD	0	0	0	0	12
KALAA	0	0	0	0	23
KALAE	0	0	0	0	10
KALDE	0	0	0	0	10
KALEA	0	0	0	0	10
KALNA	21	0	0	0	11
KAVTA	0	0	0	0	10
KDIWH	0	0	0	0	16
KFGTA	0	0	0	0	10
KGFAV	0	0	0	0	34
KGLNN	0	0	0	0	18
KHWLW	0	0	0	0	21
KKPSR	10	0	0	0	15
KKQGL	0	0	0	0	15
KLAAA	0	0	0	0	12
KLRSY	11	0	0	0	19
KLKAL	10	0	0	0	0
KLLAE	11	0	0	0	0
KLSRR	10	0	0	0	0
KSTLL	26	13	0	15	20
KNHRF	0	0	0	0	17
KPSRK	0	0	0	0	15
KQGLS	0	0	0	0	12
KRDLS	0	0	0	0	10
KRDVM	0	0	0	0	13
KRERM	0	0	0	0	11
KRIVT	0	0	0	0	12
KRLLV	0	0	0	0	18
KSTLI	0	0	0	0	11
KSTLL	0	0	0	0	61
KTTLL	0	11	0	0	23
KVALA	0	0	0	0	10
KWPDT	12	0	0	0	26
LAAAA	40	0	11	0	74
LAAAD	10	0	0	0	0
LAAAE	23	0	0	0	29
LAAAG	51	0	0	0	71
LAAAI	14	0	0	0	31
LAAAK	0	0	0	0	10
LAAAL	55	0	0	10	79
LAAAP	13	0	0	0	0
LAAAR	18	0	0	0	48
LAAAS	10	0	0	0	25
LAAAV	10	0	0	0	24
LAADI	0	10	0	10	10
LAAEG	0	0	0	0	27
LAAEL	10	0	0	0	23
LAAEL	35	0	0	0	0
LAAER	27	0	0	0	0
LAAGA	27	0	0	0	26
LAAGD	11	0	0	0	0
LAAGE	15	0	0	0	0
LAAGG	26	0	0	0	26
LAAGL	48	0	0	0	28
LAAGR	15	0	0	0	10
LAAGV	10	0	0	0	11
LAAIA	0	0	0	0	26
LAAIG	0	0	0	0	15
LAAIL	0	0	0	0	12
LAAIR	0	0	0	0	16
LAALA	74	0	0	0	83
LAALD	29	0	0	0	10
LAALE	38	0	0	0	20
LAALF	14	0	0	0	0
LAALG	49	0	0	0	52
LAALI	10	0	0	0	13
LAALK	22	0	0	0	0
LAALL	65	0	0	12	57
LAALP	31	0	0	0	10
LAALQ	13	0	0	0	0
LAALR	47	0	0	0	24
LAALS	24	0	0	0	12
LAALT	15	0	0	0	13
LAALV	27	0	0	0	0
LAAPL	24	0	0	0	11
LAAQA	12	0	0	0	0
LAARA	27	0	0	0	12
LAARF	11	0	0	0	0
LAARG	28	0	0	0	0
LAARL	43	0	0	0	25
LAARP	0	0	0	0	11
LAASA	24	0	0	0	22
LAASG	11	0	0	0	20
LAASL	24	0	0	0	24
LAATA	10	0	0	0	23
LAATG	0	0	0	0	12
LAATL	34	0	0	0	23
LAAVA	11	0	0	0	17
LAAVE	10	0	0	0	0
LAAVL	23	0	0	0	10
LAAVL	0	0	0	0	21
LADAG	11	0	0	0	11
LADAE	10	0	0	0	0
LADAL	30	0	0	0	11
LADEP	0	0	0	0	25
LADGR	21	0	0	0	13
LADGS	24	0	0	0	0
LADLA	22	0	0	0	10
LADLA	0	0	0	0	10
LADRA	11	0	0	0	15
LADPA	14	0	0	0	0
LADRL	13	0	0	0	13
LADVA	0	0	0	0	10
LAEAA	32	0	0	0	23
LAEAG	33	0	0	0	35
LAEAL	34	10	0	0	14
LAEAR	13	0	0	0	0
LAEEL	12	0	0	0	0
LAEGA	10	0	0	0	0
LAEGE	10	0	0	0	0
LAEGL	12	0	0	0	0
LAEGR	12	0	0	0	0
LAELA	56	0	0	0	10
LAELD	24	0	0	0	0
LAELE	10	0	0	0	0
LAELG	28	0	0	0	0
LAELL	30	0	0	0	0
LAELP	12	0	0	0	0
LAELR	25	0	0	0	0
LAEQA	14	0	0	0	0
LAEQG	11	0	0	0	0
LAERA	42	0	0	0	14
LAERG	32	0	0	0	0
LAERI	14	0	0	0	0
LAERL	57	0	0	0	24
LAERR	12	0	0	0	12
LAESL	10	0	0	0	0
LAEVA	12	0	0	0	0
LAGAA	32	0	0	0	22
LAFAG	0	0	0	0	11
LAGAA	0	0	0	0	13
LAGAD	10	0	0	0	10
LAGAG	15	0	0	0	12
LAGAL	44	0	0	0	32
LAGAR	14	0	0	0	0
LAGAS	12	0	0	0	0
LAGCA	13	0	0	0	0
LAGEA	15	0	0	0	0
LAGEG	16	0	0	0	0
LAGEL	35	0	0	0	0
LAGFA	21	0	0	0	0
LAGGA	31	0	0	0	0
LAGGL	13	0	0	0	10
LAGGV	10	0	0	0	0
LAGHA	10	0	0	0	0
LAGIL	10	0	0	0	23
LAGKA	0	0	0	0	10
LAGLA	71	11	0	0	37
LAGLD	10	0	0	0	0
LAGLG	43	0	0	0	20
LAGLI	10	0	0	0	0
LAGLL	54	0	0	0	26
LAGLP	30	0	0	0	0
LAGLR	15	0	0	0	0
LAGLS	12	0	0	0	0
LAGRG	11	0	0	0	10
LAGRL	36	0	0	0	29
LAGRR	10	0	0	0	0
LAGSA	13	0	0	0	0
LAGSG	10	0	0	0	0
LAGSL	11	0	0	0	10
LAGTL	23	0	0	0	0
LAGVA	11	0	0	0	10
LAGVA	0	0	0	0	11
LAGVL	10	0	0	0	10
LAGVS	0	0	0	0	13
LAIAA	11	0	0	0	27
LAIAG	11	0	0	0	0
LAIAI	11	0	0	0	0
LAIAL	24	0	0	0	24
LAIAR	11	0	0	0	0
LAIGA	10	0	0	0	11
LAIGL	20	0	0	0	0
LAILA	16	0	0	0	10
LAILG	10	0	0	0	0
LAILL	11	0	0	0	0
LALAA	48	0	0	0	11
LAKEL	0	0	0	0	10
LALAA	0	0	0	0	56
LALAG	27	0	0	0	51
LALAG	58	0	0	0	0
LALAI	33	0	0	0	12
LALAL	64	0	0	11	25
LALAR	39	0	0	0	10
LALAS	24	0	0	0	0
LALAT	10	0	0	0	0
LALAV	31	0	0	0	11
LALEA	0	0	0	0	22
LALGA	10	0	0	0	12
LALFA	11	0	0	0	0
LALFL	11	0	0	0	0
LALGA	36	0	0	0	0
LALGL	37	0	0	0	38
LALGV	12	0	0	0	0
LALIA	16	0	0	0	20
LALIV	10	0	0	0	0
LALLA	83	0	0	0	22
LALLD	28	0	0	0	0
LALLE	10	0	0	0	0
LALLG	49	0	0	0	29
LALLL	55	0	0	10	30
LALLP	28	0	0	0	0
LALLV	17	11	0	0	0
LALNA	0	11	0	11	39
LALTL	26	0	0	11	0
LALPG	16	0	0	0	0
LALRR	11	0	0	0	0
LALSA	11	0	0	0	0
LALSG	13	0	0	0	0
LALSL	23	0	0	0	0
LALTL	21	0	0	0	0
LALVA	14	0	0	0	0
LALVE	11	0	0	0	0
LALVG	10	0	0	0	11
LALVL	27	0	0	0	0
LAPAL	10	0	0	0	0
LAPEL	10	0	0	0	0
LAPER	10	0	0	0	0
LAPLA	32	0	0	0	10
LAPLL	25	0	0	0	0
LAPRL	12	0	0	0	0
LAQAA	12	0	0	0	0
LAQAL	10	0	0	0	10
LAQGL	10	0	0	0	0
LAQLE	12	0	0	0	0
LAQLR	11	0	0	0	0
LAQQA	12	0	0	0	0
LAQRL	11	0	0	0	0
LAQVA	12	0	0	0	22
LARAA	25	0	0	0	14
LARAE	13	0	0	0	0
LARAG	10	0	0	0	0
LARAL	42	0	0	0	10
LARAL	0	0	0	0	45
LAREL	23	0	0	0	10
LAREA	13	0	0	0	0
LAREL	30	0	0	0	0
LARER	10	0	0	0	0
LARGA	10	0	0	0	0
LARGE	10	0	0	0	0
LARIA	16	0	0	0	12
LARLA	46	0	0	0	28
LARLD	32	0	0	0	0
LARLE	23	0	0	0	0
LARLG	33	0	0	0	10
LARLG	0	0	0	0	10
LARLL	43	0	0	0	10
LARLP	30	0	0	0	0
LARLR	47	0	0	0	0
LARQG	10	0	0	0	0
LARQL	11	0	0	0	0
LARRA	10	0	0	0	0
LARRE	10	0	0	0	0
LARRF	11	0	0	0	0
LARRG	10	0	0	0	0
LARRL	41	0	0	0	23
LARSA	0	0	0	0	12
LARSL	21	0	0	0	10
LARVL	14	0	0	0	0
LARYR	13	0	0	0	0
LASAA	12	0	0	0	12
LASAL	11	0	0	0	11
LASEA	12	0	0	0	10
LASGA	11	0	0	0	0
LASGL	20	0	0	0	10
LASGR	13	0	0	0	0
LASLA	16	0	0	0	14
LASLG	15	0	0	0	0
LASLL	30	0	0	0	0
LASLP	11	0	0	0	0
LASLR	10	0	0	0	0
LATAL	10	0	0	0	10
LATAL	0	0	0	0	10
LATGA	0	0	0	0	10
LAVAA	26	0	0	10	11
LATLL	34	0	0	0	0
LAVAA	22	0	0	0	0
LAVAG	20	0	0	0	22
LAVAL	25	10	0	0	17
LAVAR	0	0	0	0	11
LAVAV	10	0	0	0	11
LAVEA	10	0	0	0	0
LAVER	12	0	0	0	0
LAVGA	12	0	0	0	0
LAVGL	23	0	0	0	0
LAVGV	11	0	0	0	0
LAVLA	27	0	0	0	10
LAVLA	0	0	0	0	46
LAVLS	11	0	0	10	10
LAVLG	13	0	0	0	0
LAVLL	28	0	0	0	0
LAVLR	10	0	0	0	0
LAVLV	10	0	0	0	0
LAVSL	12	0	0	0	0
LAVVA	15	0	0	0	0
LAYVI	11	0	0	0	0
LDAAA	11	0	0	0	21
LDAAG	11	0	0	0	12
LDAAK	0	0	0	0	10
LDAAL	39	0	0	0	12
LDAAV	10	0	0	0	0
LDALA	28	0	0	0	10
LDALE	11	0	0	0	0
LDALL	29	0	0	0	0
LDALV	10	0	0	0	24
LDARL	13	0	0	0	0
LDEAA	31	0	0	11	0
LDEAL	15	0	0	0	0
LDEIG	11	10	0	0	0
LDELA	10	0	0	0	21
LDELL	0	0	0	12	12
LDEPT	12	15	0	22	58
LDELR	11	0	0	0	0
LDEPT	12	0	0	0	0
LDFDP	13	0	0	0	21
LDGGA	42	0	0	0	0
LDGLG	11	0	0	0	0
LDGLS	10	0	0	0	0
LDLAG	12	0	0	0	10
LDLLL	12	0	0	0	0
LDLRL	10	0	0	0	0
LDLSL	10	0	0	0	0
LDRAA	10	0	0	0	0
LDRKA	10	0	0	0	0
LDRLL	29	0	0	0	10
LDSLG	10	0	0	0	0
LDTGF	10	0	0	0	0
LEAAA	13	0	0	0	0
LEAAG	13	0	0	0	22
LEAAL	25	0	0	0	0
LEAAR	30	0	0	0	21
LEAEL	23	13	0	13	0
LEAGE	10	0	0	0	0
LEALA	16	0	0	0	12
LEALA	0	0	0	0	10
LEKAG	10	0	0	0	11
LEALL	26	0	0	0	0
LEALR	28	0	0	0	0
LEALV	14	0	0	0	0
LEARG	10	0	0	0	0
LEARL	32	0	0	0	0
LEAVR	11	0	0	0	0
LEDGR	10	0	0	0	0
LEEAL	11	0	0	0	0
LEELA	23	0	0	0	0
LEERL	10	0	0	0	0
LEGAL	10	0	0	0	0
LELAL	10	0	0	0	0
LELAR	14	0	0	0	0
LELLE	10	0	0	0	11
LELLG	24	0	0	0	0
LELLR	14	0	0	0	0
LEPAA	12	0	0	0	0
LEQAL	10	0	0	0	0
LEQLL	12	0	0	0	0
LERAA	11	0	0	0	0
LERAG	20	0	0	0	0
LERAL	22	0	0	0	0
LERDL	10	0	0	0	0
LERER	25	0	0	0	0
LERIA	10	0	0	0	21
LERLA	27	0	0	0	0
LERLD	11	0	0	0	0
LERLE	10	0	0	0	0
LERLG	41	11	0	0	0
LERLL	13	0	0	0	0
LERLP	11	0	0	0	0
LERLR	36	0	0	0	11
LERRL	15	0	0	0	0
LEVLA	11	0	0	0	0
LFAAG	10	0	0	0	0
LFAAL	14	0	0	0	10
LFALL	10	0	0	10	0
LFGLA	12	0	0	0	33
LFLAA	0	0	0	0	12
LFVAG	13	0	0	0	10
LFVAP	0	0	0	0	13
LGAAA	12	10	0	10	20
LGAAG	0	0	0	0	10
LGAAL	45	0	0	0	24
LGAGA	12	0	0	0	0
LGAGL	22	0	0	0	0
LGALA	30	0	0	0	12
LGALE	11	0	0	0	0
LGALL	48	11	0	0	26
LGALR	12	0	0	0	0
LGARL	20	0	0	0	10
LGANV	0	0	0	0	10
LGGQA	22	0	0	0	12
LGDGR	11	0	0	0	0
LGEAL	10	0	0	0	0
LGEIE	12	0	0	0	0
LGELA	27	0	0	0	0
LGELG	13	0	0	0	0
LGELL	23	0	0	0	0
LGELR	11	0	0	0	0
LGERL	27	0	0	0	0
LGERP	12	0	0	0	0
LGFTG	16	0	0	0	0
LGGAA	11	0	0	0	0
LGGAL	24	0	0	0	0
LGGEA	12	0	0	0	0
LGGGL	10	0	0	0	0
LGGHS	10	0	0	0	0
LGGLA	11	0	0	0	0
LGGLL	32	0	0	0	0
LGGRV	12	0	0	0	0
LGGWL	10	0	0	0	0
LGIAL	10	0	0	0	12
LGIAL	0	0	0	0	11
LGLAA	11	0	0	0	36
LGLAA	41	0	0	0	0
LGLAD	11	0	0	0	0
LGLAG	10	0	0	0	0
LGLAI	28	12	0	17	23
LGLAL	46	0	0	0	32
LGLAP	16	0	0	0	0
LGLAR	10	0	0	0	0
LGLDL	10	0	0	0	10
LGLGA	10	0	0	10	25
LGLGL	33	0	0	0	11
LGLLA	41	0	0	0	14
LGLLE	23	0	0	0	0
LGLLG	35	0	0	0	0
LGLLI	11	0	0	0	0
LGLLL	59	0	0	0	10
LGLLP	10	0	0	0	0
LGLLV	10	0	0	0	0
LGLRA	11	0	0	0	0
LGLSA	11	0	0	0	0
LGLSG	12	0	0	0	0
LGLSL	27	0	0	0	0
LGLVL	14	10	0	10	14
LGNGY	14	0	0	0	0
LGQAL	15	0	0	0	25
LGRAL	10	0	0	0	0
LGRLA	12	0	0	0	0
LGRLG	10	0	0	0	0
LGRLL	23	0	0	0	0
LGRRL	12	0	0	0	0
LGSLA	25	0	0	0	0
LGSLL	21	0	0	0	0
LGTLL	15	0	0	0	0
LGVAL	13	0	0	0	10
LGVGL	21	0	0	0	0
LGVGP	10	0	0	0	0
LGVLA	12	0	0	0	0
LGVLL	17	0	0	0	0
LGVLV	10	0	0	0	0
LGVPL	11	0	0	0	0
LGVRL	28	0	0	0	10
LGVVL	10	0	0	0	0
LIAAG	12	0	0	0	39
LIAAG	0	0	0	0	15
LIAAL	26	0	0	0	25
LIAAV	0	0	0	0	11
LIADE	0	0	0	0	23
LIAGA	10	0	0	0	16
LIAGL	12	0	0	0	12
LIALG	10	0	0	0	0
LIALS	10	0	0	0	0
LIEAL	10	0	0	0	10
LIEAA	0	0	0	0	11
LIGAG	13	0	0	0	10
LIGAG	22	0	0	0	0
LIGGA	12	0	0	0	12
LIGGA	0	0	0	0	24
LIGLV	11	0	0	11	10
LIGLV	0	0	0	10	0
LILDE	13	11	0	10	11
LILAA	0	0	0	0	10
LILDE	10	0	0	0	11
LILLA	34	0	0	0	0
LIPLL	10	0	0	0	0
LKAGG	12	0	0	0	24
LKADG	0	0	0	0	10
LKEAG	12	0	0	0	10
LKALL	25	0	0	0	0
LKALR	10	0	0	0	0
LKGKR	10	0	0	0	0
LKLLA	12	0	0	0	17
LKRLG	0	0	0	0	10
LLAAA	10	0	0	0	61
LKSYE	12	0	0	0	0
LKVER	12	0	0	0	0
LLAAA	49	0	0	0	0
LLAAC	10	0	0	0	0
LLAAE	25	0	0	0	0
LLAAG	52	0	0	0	36
LLAAI	0	0	0	11	11
LLAAL	76	0	0	10	52
LLAAP	25	0	0	0	0
LLAAR	22	0	0	0	0
LLAAS	11	0	0	0	12
LLAAT	0	0	0	0	12
LLAAV	29	0	0	0	12
LLAEA	26	0	0	0	15
LLAEG	28	0	0	0	12
LLAEH	10	0	0	0	0
LLAEL	37	0	0	0	0
LLAEQ	11	0	0	0	0
LLAER	37	0	0	0	23
LLAEV	10	0	0	0	0
LLAFA	12	0	0	0	10
LLAGA	30	0	0	0	27
LLAGE	11	0	0	0	0
LLAGG	13	0	0	0	10
LLAGI	24	0	0	0	10
LLAGL	80	12	0	0	39
LLAGQ	13	0	0	0	0
LLAGR	28	0	0	0	0
LLAGS	24	0	0	0	15
LLAGT	12	0	0	0	0
LLAGV	12	0	0	0	0
LLAIL	30	0	0	0	16
LLALA	75	0	0	0	43
LLALG	47	0	0	0	12
LLALL	84	11	0	12	23
LLALL	0	0	0	12	0
LLAVL	30	10	0	10	40
LLALR	16	0	0	0	0
LLALT	22	0	0	0	0
LLALV	29	0	0	0	0
LLAML	12	0	0	0	0
LLAPL	21	0	0	0	0
LLAQG	10	0	0	0	12
LLAQL	13	0	0	0	0
LLARA	25	0	0	0	0
LLARE	11	0	0	0	0
LLARG	21	0	0	0	0
LLARI	22	0	0	0	0
LLARL	46	0	0	0	12
LLARR	27	0	0	0	0
LLASA	17	0	0	0	0
LLASG	12	0	0	0	0
LLASL	39	0	0	0	0
LLATA	11	0	0	0	11
LLATL	35	0	0	0	0
LLAVA	32	0	0	0	0
LLAVG	14	0	0	0	0
LLAVL	32	0	0	0	0
LLAVP	10	0	0	0	0
LLAWL	10	0	0	0	0
LLDAL	12	0	0	0	10
LLDAL	0	0	0	0	10
LLDEA	25	0	0	0	11
LLDEL	26	0	0	0	0
LLDEP	41	13	0	16	54
LLDGG	17	0	0	0	0
LLDLG	10	0	0	0	0
LLDRL	25	0	0	0	10
LLDSL	11	0	0	0	0
LLDTL	10	0	0	0	0
LLEAA	28	10	0	10	0
LLEAA	0	10	0	10	0
LLEAL	13	10	0	0	12
LLEAL	39	0	0	0	0
LLEAR	12	0	0	0	0
LLEEL	13	10	0	0	0
LLELA	24	0	0	0	12
LLELD	11	0	0	0	0
LLELL	18	0	0	0	0
LLERA	12	0	0	0	0
LLERI	14	0	0	0	31
LLERL	55	0	0	0	13
LLETL	10	0	0	0	0
LLFAA	10	0	0	0	0
LLFGL	14	0	0	0	0
LLFLA	12	0	0	0	0
LLGAA	28	0	0	0	20
LLGAG	24	0	0	0	0
LLGAL	37	0	0	0	0
LLGAV	21	0	0	0	0
LLGEA	10	0	0	0	0
LLGEL	25	0	0	0	0
LLGER	30	0	0	0	0
LLGGA	22	0	0	0	0
LLGGL	24	0	0	10	0
LLGGR	13	0	0	0	0
LLGLA	39	0	0	0	11
LLGLG	21	0	0	0	0
LLGLL	70	0	0	0	24
LLGLS	25	0	0	0	0
LLGLV	13	0	0	0	0
LLGRL	22	0	0	0	0
LLGSA	11	0	0	0	0
LLGSL	26	0	0	0	0
LLGTL	10	0	0	0	0
LLGVG	11	0	0	0	0
LLGVL	25	0	0	0	0
LLGVS	10	0	0	0	0
LLIAL	11	11	0	11	10
LLIAD	0	0	0	0	10
LLIGL	11	0	0	0	10
LLIGL	14	0	0	0	0
LLILA	11	0	0	0	0
LLLAA	58	0	0	0	14
LLLAA	0	0	0	0	40
LLLAG	11	11	0	14	21
LLLAF	11	0	0	0	0
LLLAG	59	0	0	0	0
LLLAL	67	0	0	0	35
LLLAP	10	0	0	0	0
LLLAQ	13	0	0	0	0
LLLAR	14	0	0	0	0
LLLAS	24	0	0	0	0
LLLAT	10	0	0	0	0
LLLAV	27	0	0	0	11
LLLDE	33	0	0	15	43
LLLDG	10	0	0	0	0
LLLDP	10	0	0	0	0
LLLEA	16	0	0	0	0
LLLEG	10	0	0	0	0
LLLER	11	0	0	0	0
LLLGA	35	0	0	0	12
LLLGE	10	0	0	0	0
LLLGG	34	0	0	0	0
LLLGL	54	0	0	10	10
LLLGR	11	0	0	0	0
LLLGS	12	0	0	0	0
LLLGV	21	0	0	10	0
LLLIG	0	0	0	12	0
LLLLA	49	10	0	12	0
LLLLD	30	0	0	0	0
LLLLG	31	0	0	0	0
LLLLL	51	0	0	11	0
LLLLL	0	0	0	13	0
LLLLV	17	14	0	13	0
LLLLS	12	0	0	0	0
LLLLT	10	0	0	0	0
LLLLV	12	0	0	0	0
LLLPA	23	0	0	0	0
LLLPG	24	0	0	0	0
LLLPL	31	0	0	0	0
LLLQR	11	0	0	0	0
LLLRL	23	0	0	0	0
LLLSA	20	0	0	0	10
LLLSL	26	0	0	0	0
LLLTA	22	0	0	0	0
LLLTL	12	0	0	0	0
LLLVA	12	0	0	0	11
LLLVG	11	10	0	0	0
LLLVL	30	0	0	0	0
LLLVV	23	0	0	0	0
LLPAA	14	0	0	0	0
LLPAG	11	0	0	0	0
LLPAL	34	0	0	0	0
LLPEA	10	0	0	0	10
LLPGA	12	0	0	0	0
LLPGL	11	0	0	0	0
LLPLA	23	0	0	0	10
LLPLL	48	0	0	0	0
LLPVL	14	0	0	0	11
LLQRA	10	0	0	0	0
LLRAL	24	0	0	0	0
LLREA	14	0	0	0	0
LLREL	10	0	0	0	0
LLRER	10	0	0	0	0
LLRKA	21	0	0	0	12
LLRLA	29	0	0	0	0
LLRLG	10	0	0	0	0
LLRLL	36	0	0	0	0
LLRQA	16	0	0	0	0
LLRQG	11	0	0	0	0
LLRRA	20	0	0	0	0
LLRRL	32	0	0	0	0
LLRVL	15	0	0	0	0
LLSAA	11	0	0	0	0
LLSAL	16	0	0	0	10
LLSAT	0	0	0	0	10
LLSAV	0	0	0	0	12
LLSLA	13	0	0	0	12
LLSLA	29	0	0	0	0
LLSLL	25	0	0	10	0
LLTAL	11	0	0	0	0
LLTLA	10	0	0	0	0
LLVAA	15	0	0	10	0
LLVAL	33	0	0	0	16
LLVAV	13	0	0	0	0
LLVGA	11	0	0	0	0
LLVGL	10	12	0	12	0
LLVLA	28	0	0	0	24
LLVLG	10	12	0	13	0
LLVLL	21	0	0	0	0
LLVRA	11	11	0	0	0
LLVVL	14	0	0	0	21
LMDEP	0	0	0	0	10
LNAGV	20	0	0	0	12
LNAIA	0	0	0	0	11
LNALS	0	0	0	0	25
LNAQG	0	0	0	0	10
LNNRA	0	0	0	0	16
LPAAA	19	0	0	0	13
LPAAE	0	0	0	0	10
LPAAL	22	0	0	0	12
LPAAV	0	0	0	0	10
LPVLA	11	0	0	0	10
LPAEL	12	0	0	0	0
LPAGA	10	0	0	0	0
LPAGL	21	0	0	0	0
LPAGS	11	0	0	0	0
LPAGV	11	0	0	0	0
LPALA	34	0	0	0	0
LPALL	35	0	0	0	0
LPALR	13	0	0	0	0
LPAPA	12	0	0	0	0
LPDYM	12	0	0	0	0
LPELL	13	0	0	0	0
LPGLL	11	0	0	0	0
LPGRL	12	0	0	0	0
LPLAE	12	0	0	0	0
LPLAG	11	0	0	0	0
LPLAL	34	0	0	0	0
LPLLA	30	0	0	0	0
LPLLL	43	0	0	0	0
LPLLR	12	0	0	0	0
LPLLV	13	0	0	0	0
LPLPA	10	0	0	0	0
LPLPL	10	0	0	0	0
LPLTP	14	0	0	0	0
LPPYS	10	0	0	0	0
LPRLA	10	0	0	0	0
LPSLG	10	0	0	0	0
LPVLG	10	0	0	0	0
LQALA	24	0	0	0	0
LQALL	27	0	0	0	0
LQALR	10	0	0	0	0
LQQAL	10	0	0	0	0
LQRLA	24	0	0	0	17
LQRLR	20	0	0	0	0
LRAAA	11	0	0	0	11
LRAAG	29	0	0	0	23
LRAAL	26	0	0	0	0
LRAAR	10	0	0	0	0
LRAEL	10	0	0	0	10
LRAGL	12	0	0	0	0
LRALA	27	0	0	0	0
LRALE	10	0	0	0	0
LRALG	34	0	0	0	10
LRALL	32	0	0	0	0
LRDLL	23	0	0	0	0
LREAA	17	0	0	0	0
LREAG	22	0	0	0	0
LREAI	11	0	0	0	0
LREAL	30	0	0	0	10
LREAV	11	0	0	0	0
LREDS	10	0	0	0	0
LRELA	31	0	0	0	10
LRELG	23	0	0	10	0
LRELL	13	0	0	0	0
LRERG	15	0	0	0	0
LRERL	36	0	0	0	0
LRERV	11	0	0	0	0
LREVA	10	0	0	0	0
LRGEL	13	0	0	0	0
LRHAL	10	0	0	0	10
LRKAA	10	0	0	0	0
LRLAA	28	0	0	0	10
LRKAL	0	0	0	0	11
LRKRE	0	0	0	0	15
LRLAG	11	0	0	0	10
LRLAL	10	0	0	0	0
LRLAR	12	0	0	0	0
LRLAV	11	0	0	0	0
LRLDA	10	0	0	0	0
LRLLA	34	0	0	0	0
LRLLD	11	0	0	0	0
LRLLG	19	0	0	0	0
LRLLL	11	0	0	0	0
LRLLR	11	0	0	0	0
LRLVA	10	0	0	0	0
LRPLL	11	0	0	0	12
LRMIA	0	0	0	0	10
LRMVE	0	0	0	0	11
LRNTL	0	0	0	0	16
LRRKK	12	0	0	0	16
LRQAL	28	0	0	0	0
LRQLA	21	0	0	0	0
LRQLE	12	0	0	0	0
LRQLL	14	0	0	0	0
LRQLR	10	0	0	0	0
LRQRL	21	0	0	0	0
LRRAA	10	0	0	0	0
LRRAL	14	0	0	0	0
LRRAV	11	0	0	0	0
LRREL	13	0	0	0	0
LRRLA	26	0	0	0	0
LRRLL	31	0	0	0	24
LRRLL	0	0	0	0	10
LRRRL	18	0	0	0	10
LRRQL	10	0	0	0	0
LRRRL	23	0	0	0	0
LRRRV	11	0	0	0	0
LRSLL	10	0	0	0	13
LRSYG	0	0	0	0	13
LSAAA	12	0	0	10	27
LRVLD	10	0	0	0	0
LRVLQ	10	0	0	0	0
LRYLP	12	0	0	0	0
LSAAA	24	0	0	0	0
LSAAL	11	0	0	0	23
LSAGA	0	0	0	0	10
LSALL	27	0	0	0	12
LSALG	28	0	0	0	0
LSALL	16	0	0	0	0
LSAPL	10	0	0	0	0
LSGAL	11	0	0	0	12
LSFLG	0	0	0	0	10
LSGAL	0	0	0	0	11
LSGGE	10	17	0	18	39
LSGGE	13	0	0	0	0
LSGGM	11	0	0	0	15
LSGGN	0	0	0	0	11
LSGGQ	26	20	0	22	128
LSGLA	10	0	0	0	0
LSGLL	11	0	0	0	0
LSLAA	10	0	0	0	33
LSLAA	0	0	0	0	24
LSLAL	25	0	0	0	11
LSLAL	23	0	0	0	0
LSLLA	12	0	0	0	0
LSLLG	12	0	0	0	0
LSLLL	23	0	0	0	0
LSLPL	12	0	0	0	0
LSRLL	10	0	0	0	10
LSLRM	0	0	0	0	11
LSNLD	0	0	0	0	29
LSPKR	0	0	0	0	12
LTAAA	22	0	0	0	28
LSVLL	11	0	0	0	0
LTAAD	11	0	0	0	0
LTAER	12	0	0	0	29
LTAAL	0	0	0	0	10
LTAKR	0	0	0	0	12
LTALA	0	0	0	0	11
LTALG	0	0	0	0	10
LTALL	11	0	0	0	11
LTEAG	0	0	0	0	26
LTGLP	10	0	0	0	22
LTLAA	12	0	0	0	0
LTLAL	13	0	0	0	0
LTLAQ	10	0	0	0	0
LTLTL	11	0	0	10	11
LTLLL	0	0	0	10	0
LVIGA	11	10	0	14	10
LTPNG	10	0	0	0	0
LVAAA	26	0	0	0	10
LTVAE	0	0	0	0	10
LTYNG	0	0	0	0	10
LVAAA	0	0	0	0	26
LVAAG	25	0	0	0	17
LVAAI	0	0	0	0	10
LVAAL	37	0	0	0	46
LVAAV	10	0	0	0	0
LVAGA	10	0	0	0	11
LVAGL	27	0	0	0	24
LVAIA	0	0	0	0	11
LVAIG	0	0	0	0	10
LVALA	0	0	0	0	21
LVALG	22	0	0	0	10
LVALL	29	10	0	0	26
LVASG	0	0	0	0	10
LVDEP	10	0	0	0	11
LVEAA	12	10	0	0	10
LVEAG	0	10	0	0	0
LVLLV	26	10	0	11	11
LVERL	12	0	0	0	0
LVGAL	23	0	0	0	0
LVGDD	10	0	0	0	0
LVGLL	24	0	0	0	16
LVGFQ	0	0	0	0	10
LVGPS	0	0	0	0	11
LVIAA	10	0	0	0	11
LVIGA	0	0	0	0	10
LVLAA	11	0	0	0	26
LVLAA	26	0	0	0	0
LVLAG	21	0	0	0	0
LVLAL	26	0	0	0	12
LVLAR	10	0	0	0	0
LVLAV	10	0	0	0	0
LVLDG	10	0	0	0	0
LVLGG	11	0	0	0	10
LVLGL	10	0	0	0	0
LVLLA	28	0	0	0	10
LVLLG	11	0	0	0	0
LVLLL	27	0	0	0	0
LVLLV	15	0	0	13	0
LVLPL	11	0	0	0	0
LVPEL	10	10	0	0	11
LVNNA	0	0	0	0	26
LVRLL	11	0	0	0	21
LVTGA	10	0	0	0	20
LVVLL	11	0	0	0	0
MLAAL	10	0	0	0	19
LYFRF	0	0	0	0	20
LYPHM	0	0	0	0	10
MADRL	0	0	0	0	10
MAQWK	0	0	0	0	16
MDEPT	0	0	0	0	10
MLLER	10	0	0	0	22
MMQGF	0	0	0	0	12
MPGVE	0	0	0	0	14
MQGFR	0	0	0	0	16
MVDQL	0	0	0	0	10
MVEEM	0	0	0	0	11
MVFQD	0	0	0	0	10
MVFQS	0	0	0	0	26
NAAMV	10	0	0	0	11
NAANA	0	0	0	0	21
NAASG	0	0	0	0	10
NAFNA	14	0	0	0	12
NADGT	11	0	0	0	0
NFFEL	14	0	0	0	11
NALAG	0	0	0	0	13
NALAR	0	0	0	0	14
NALLA	0	0	0	0	12
NALNA	0	0	0	0	18
NALSK	0	0	0	0	34
NAQEV	0	0	0	0	10
NAQGV	0	0	0	0	10
NDTLN	0	0	0	0	10
NGAGK	13	13	0	15	58
NGGAG	11	0	0	0	0
NGKLD	12	0	0	0	0
NGYAG	11	12	0	11	0
NLLAL	0	10	0	10	17
NLDAK	0	0	0	0	11
NLFVA	0	0	0	0	18
NLLAL	0	0	0	0	24
NNAGI	0	0	0	0	10
NNRAE	0	0	0	0	17
NRAEN	12	0	0	0	17
NSHVP	0	0	0	0	12
NTITG	0	0	0	0	10
NTLNA	0	0	0	0	14
NVENL	0	0	0	0	15
PAAAA	30	0	0	0	29
PAAAL	10	0	0	0	0
PAAAP	22	0	0	0	14
PAAAV	10	0	0	0	0
PAALA	17	0	0	0	11
PAAIA	0	0	0	0	12
PAALA	0	0	0	0	11
PAAPA	20	0	0	0	27
PAALR	10	0	0	0	0
PAASA	10	0	0	0	0
PAAVA	11	0	0	0	10
PADAA	0	0	0	0	11
PADLA	10	0	0	0	11
PAELA	14	0	0	0	0
PAELL	10	0	0	0	0
PAGAA	21	0	0	0	0
PAGLA	20	0	0	0	0
PALAA	33	0	0	0	45
PALAE	16	0	0	0	0
PALAG	10	0	0	0	0
PALAL	22	0	0	0	0
PALLA	28	0	0	0	0
PALLG	10	0	0	0	0
PALLL	12	0	0	0	0
PALPA	10	0	0	0	0
PALRE	21	0	0	0	0
PALTA	10	0	0	0	0
PAPAA	29	0	0	0	24
PAPAP	25	0	0	0	14
PARPA	10	0	0	0	0
PASLL	11	0	0	0	0
PASQP	12	0	0	0	0
PAVAA	11	0	0	0	0
PDYMV	11	0	0	0	10
PDGSV	0	0	0	0	10
PDTAD	0	0	0	0	24
PEALA	0	0	0	0	10
PEEIA	10	0	0	0	10
PEGKK	0	0	0	0	11
PGVEH	20	0	0	0	13
PGERL	11	0	0	0	0
PGNVR	11	0	0	0	0
PLAAA	12	0	0	0	10
PKRIV	0	0	0	0	12
PLAAA	0	0	0	0	11
PLLAA	35	0	0	0	10
PLAEL	10	0	0	0	0
PLAER	10	0	0	0	0
PLAGA	12	0	0	0	0
PLAGL	20	0	0	0	0
PLALA	13	0	0	0	0
PLALL	34	0	0	0	0
PLAVL	10	0	0	0	0
PLDPE	10	0	0	0	0
PLEAV	10	0	0	0	0
PLERL	11	0	0	0	0
PLLAA	17	0	0	0	0
PLLAE	12	0	0	0	0
PLLAL	15	0	0	0	10
PLLDR	10	0	0	0	0
PLLGE	10	0	0	0	0
PLLLA	31	0	0	0	0
PLLLG	21	0	0	0	0
PLLLL	27	0	0	0	0
PLLRA	11	0	0	0	0
PLLRR	10	0	0	0	0
PLPLP	12	0	0	0	0
PLRER	21	0	0	0	0
PPAPA	12	0	0	0	16
PLSLR	0	0	0	0	19
PLSNL	0	0	0	0	31
PPPPP	10	0	0	0	19
PPQII	0	0	0	0	18
PQGVA	11	0	0	0	11
PQIIA	0	0	0	0	19
PSGCG	10	0	0	0	37
PRLAE	10	0	0	0	0
PSVAA	11	0	0	0	13
PSRAS	0	0	0	0	10
PSRKD	0	0	0	0	19
PTLRN	0	0	0	0	13
PTSAL	0	0	0	0	14
PTTAL	0	0	0	0	15
PVLAA	10	0	0	0	10
PVGFG	10	0	0	0	0
PVLLL	11	0	0	0	0
QAAAA	12	0	0	0	10
QAAER	12	0	0	0	0
QAALA	25	0	0	0	0
QAALL	10	0	0	0	10
QAEAL	10	0	0	0	0
QAERL	10	0	0	0	0
QALAA	23	0	0	0	0
QALAE	25	0	0	0	0
QALAG	10	0	0	0	0
QALAL	12	0	0	0	0
QALAR	24	0	0	0	0
QALEA	24	11	0	0	0
QALLA	26	0	0	0	0
QALLE	12	0	0	0	0
QALLG	13	0	0	0	0
QARLL	10	0	0	0	10
QAVAE	13	0	0	0	0
QKAAE	11	0	0	0	10
QDGYV	0	0	0	0	19
QEVAN	0	0	0	0	10
QEVRE	0	0	0	0	11
QGDAV	0	0	0	0	10
QGFRS	0	0	0	0	16
QGLSP	0	0	0	0	12
QGVAN	0	0	0	0	15
QIIAR	0	0	0	0	18
QLRRK	24	0	0	0	15
QLARL	10	0	0	0	0
QLDAL	11	0	0	0	0
QLLAR	12	0	0	0	0
QLLER	10	0	0	0	0
QPASQ	12	0	0	0	68
QNAAM	0	0	0	0	11
QQNAA	0	0	0	0	10
QQQRV	0	0	0	0	25
QQRVA	0	0	0	0	27
QRFIS	10	0	0	0	16
QRELA	10	0	0	0	0
QRIAA	12	0	0	0	0
QRLAA	10	0	0	0	0
QRLAE	10	0	0	0	0
QRLAR	12	0	0	0	0
QRLLE	10	0	0	0	0
QRLLL	10	0	0	0	0
QRVAI	13	0	0	0	45
QRVAI	0	0	0	0	53
QRVAL	0	0	0	0	11
QSYAL	10	0	0	0	24
QTNLL	0	12	0	10	14
QTRRD	0	0	0	0	13
QWKAV	12	0	0	0	16
QVLAE	10	0	0	0	0
QVLVP	10	0	0	0	0
RAAAA	23	0	0	0	27
RAAAE	11	0	0	0	11
RAAAL	10	0	0	0	15
RAAEA	23	0	0	0	0
RAAEL	13	0	0	0	12
RAAER	24	0	0	0	0
RAAGL	26	0	0	0	20
RAAIA	0	0	0	0	22
RAALA	37	0	0	0	25
RAALD	11	0	0	0	0
RAALE	11	0	0	0	0
RAALG	10	0	0	0	0
RAAQA	13	0	0	0	10
RAARA	11	0	0	0	10
RAAVA	0	0	0	0	10
RAENS	23	0	0	0	17
RAGEA	0	0	0	0	12
RAGLA	24	0	0	0	22
RAGLV	11	0	0	0	0
RAGRL	10	0	0	0	0
RAIAA	10	0	0	0	21
RAIAE	12	0	0	0	0
RALAA	39	0	0	0	12
RAKGL	0	0	0	0	15
RALAA	0	0	0	0	39
RALAL	11	0	0	0	10
RALAE	38	0	0	0	0
RALAG	10	0	0	0	0
RALAL	11	0	0	0	0
RALAR	23	0	0	0	0
RALAV	10	0	0	0	11
RALEA	12	0	0	0	0
RALEE	10	0	0	0	0
RALEL	11	0	0	0	10
RALGA	17	0	0	0	0
RALGL	25	0	0	0	0
RALIA	10	0	0	0	0
RALLA	37	0	0	0	10
RALLD	10	0	0	0	0
RALLE	23	0	0	0	0
RALLG	24	0	0	0	0
RALLR	14	0	0	0	0
RALRA	21	0	0	0	0
RALRE	10	0	0	0	0
RARAA	26	0	0	0	17
RARAL	10	0	0	0	0
RAREA	11	0	0	0	0
RARLA	26	0	0	0	0
RARLL	22	0	0	0	0
RARLQ	11	0	0	0	0
RARQA	12	0	0	0	0
RAVEL	21	0	0	0	14
RATVE	0	0	0	0	13
RAVDQ	0	0	0	0	19
RAVWL	10	0	0	0	20
RDALA	11	0	0	0	0
RDGRL	10	0	0	0	0
REAAG	12	0	0	0	11
RDLAA	0	0	0	0	12
RDLDA	0	0	0	0	10
RDRGA	0	0	0	0	10
RDTKA	0	0	0	0	12
RDVMP	0	0	0	0	13
REALA	13	0	0	0	13
REALA	29	0	0	0	0
REALE	28	0	0	0	0
REALL	12	0	0	0	0
REAVV	12	0	0	0	0
RELAA	22	0	0	0	10
RELAE	11	0	0	0	0
RELAG	12	0	0	0	0
RELAR	13	0	0	0	24
RELGL	22	0	0	0	0
RELLA	20	0	0	0	0
RELLD	12	0	0	0	0
RELLE	10	0	0	0	0
RELLL	10	0	0	0	0
RELLR	10	0	0	0	0
REQLL	10	0	0	0	12
RERGL	10	0	0	0	0
RERLA	35	0	0	0	0
RERLE	10	0	0	0	0
RERLG	11	0	0	0	0
RERLL	12	0	0	0	0
RERLQ	13	0	0	0	0
RERLR	12	0	0	0	0
REVAA	10	0	0	0	11
REVGT	0	0	0	0	10
RFISV	0	0	0	0	12
RFPLS	0	0	0	0	19
RFPPQ	0	0	0	0	19
RGALS	0	0	0	0	10
RGEIL	11	0	0	0	10
RGFRI	12	0	0	0	0
RGLLG	10	0	0	0	10
RGIVV	0	0	0	0	21
RGLAA	0	0	0	0	11
RHSAL	0	0	0	0	10
RIAAL	0	0	0	0	10
RIAIA	10	0	0	0	11
RIDLS	20	0	0	0	0
RIDSL	10	0	0	0	0
RIELG	14	0	0	0	0
RKAAA	20	0	0	0	16
RIVAE	0	0	0	0	12
RIVTD	0	0	0	0	14
RIVVL	0	0	0	0	10
RKDIW	11	0	0	0	16
RKFGT	0	0	0	0	10
RKKPS	0	0	0	0	15
RKLLA	0	0	0	0	12
RKRER	0	0	0	0	16
RLAAA	31	0	0	0	31
RLAAE	28	0	0	0	27
RLAAG	28	0	0	0	11
RLAAL	47	0	0	0	30
RLAAR	31	0	0	0	10
RLADE	0	0	0	0	25
RLAEA	10	0	0	0	10
RLAEA	32	0	0	0	0
RLAEG	10	0	0	0	0
RLAEL	39	0	0	0	0
RLAER	33	0	0	0	0
RLAEV	10	0	0	0	0
RLAGA	24	0	0	0	10
RLAGE	33	0	0	0	0
RLAGL	27	0	0	0	0
RLALA	25	0	0	0	10
RLALG	10	0	0	0	0
RLALL	21	0	0	0	0
RLAQA	15	0	0	0	0
RLARA	12	0	0	0	0
RLARE	17	0	0	0	0
RLARG	10	0	0	0	0
RLARL	30	0	0	0	21
RLAVA	11	0	0	0	0
RLAVL	10	0	0	0	0
RLDAL	13	0	0	0	10
RLDAR	10	0	0	0	0
RLDGL	12	0	0	0	0
RLDLA	10	0	0	0	0
RLDLS	10	0	0	0	0
RLEAL	27	0	0	0	0
RLELL	11	0	0	0	0
RLERL	26	0	0	0	0
RLGAL	16	0	0	0	11
RLGAR	11	0	0	0	0
RLGEA	12	0	0	0	0
RLGEL	10	0	0	0	0
RLGER	10	0	0	0	0
RLGLA	29	0	0	0	0
RLGLE	10	0	0	0	0
RLGLG	12	0	0	0	0
RLGLL	10	0	0	0	0
RLGLP	21	0	0	0	0
RLGLS	10	0	0	0	0
RLGRR	10	0	0	0	0
RLGVR	12	0	0	0	0
RLIAL	11	0	0	0	0
RLLAA	40	0	0	0	0
RLLAD	11	0	0	0	0
RLLAE	52	0	0	0	0
RLLAG	34	0	0	0	0
RLLAL	40	0	0	0	0
RLLAR	21	0	0	0	10
RLLAS	11	0	0	0	0
RLLDA	13	0	0	0	0
RLLDE	20	0	0	0	0
RLLDG	10	0	0	0	0
RLLEA	27	0	0	0	11
RLLEE	18	0	0	0	0
RLLEL	17	0	0	0	0
RLLER	28	10	0	0	0
RLLGA	18	0	0	0	0
RLLGE	22	0	0	0	0
RLLGV	13	0	0	0	0
RLLLA	35	0	0	0	16
RLLLE	28	0	0	0	0
RLLLL	11	0	0	0	0
RLLLR	11	0	0	0	0
RLLLV	25	0	0	0	0
RLLPA	10	0	0	0	0
RLLPQ	24	0	0	0	0
RLLQE	11	0	0	0	0
RLLRE	27	0	0	0	0
RLLRG	10	0	0	0	0
RLLVL	14	0	0	0	0
RLNAD	18	0	0	0	19
RLPAG	11	0	0	0	0
RLPLL	13	0	0	0	0
RLPLT	13	0	0	0	0
RLQAL	11	0	0	0	0
RLQEL	10	0	0	0	0
RLRAA	26	0	0	0	15
RLRAE	11	0	0	0	0
RLRAL	14	0	0	0	10
RLREA	10	0	0	0	0
RLREE	12	0	0	0	0
RLREL	32	0	0	0	0
RLRER	24	0	0	0	0
RLRLP	12	0	0	0	0
RLRQL	27	0	0	0	0
RLRRA	11	0	0	0	10
RLRRE	23	0	0	0	0
RLRRL	14	0	0	0	0
RLSLA	10	0	0	0	0
RLVAA	11	0	0	0	12
RLVAA	0	0	0	0	10
RLVEE	10	0	0	0	12
RLVAG	10	0	0	0	0
RLVAL	12	0	0	0	0
RLVEA	10	0	0	0	0
RLVLL	12	0	0	0	0
RLVLT	10	0	0	0	0
RPLAE	10	0	0	0	11
RMVEE	0	0	0	0	11
RNIAE	0	0	0	0	10
RNLFV	0	0	0	0	17
RNTLN	0	0	0	0	13
RQRVA	10	0	0	0	53
RPLLE	10	0	0	0	0
RQAAE	11	0	0	0	0
RQAIE	13	0	0	0	0
RQALA	12	0	0	0	0
RQALE	29	0	0	0	0
RQALL	13	0	0	0	0
RQLAA	25	0	0	0	0
RQLAE	12	0	0	0	0
RQLAG	11	0	0	0	0
RQLLA	13	0	0	0	0
RQLLE	11	0	0	0	0
RQLLR	10	0	0	0	0
RQRLL	10	0	0	0	0
RQVRE	10	0	0	0	0
RRAAE	12	0	0	0	11
RRALA	14	0	0	0	0
RRALL	11	0	0	0	0
RREAL	10	0	0	0	12
RRGLK	0	0	0	0	10
RRKKP	0	0	0	0	15
RRLAA	27	0	0	0	36
RRLAD	0	0	0	0	23
RRLAE	32	0	0	0	22
RRLAG	26	0	0	0	0
RRLAL	10	0	0	0	0
RRLDE	10	0	0	0	0
RRLDL	11	0	0	0	0
RRLGA	10	0	0	0	0
RRLGL	30	0	0	0	0
RRLID	11	0	0	0	0
RRLLA	34	0	0	0	11
RRLLE	22	0	0	0	0
RRLLG	24	0	0	0	0
RRLLL	18	0	0	0	0
RRLPA	12	0	0	0	0
RRLRA	10	0	0	0	0
RRLRD	10	0	0	0	0
RRPLL	11	0	0	0	10
RRRLA	11	0	0	0	10
RRRLL	12	0	0	0	0
RRVAE	10	0	0	0	0
RRVLA	11	0	0	0	11
RRVLL	10	0	0	0	0
RSLAA	11	0	0	0	10
RRWGR	0	0	0	0	13
RSGAR	0	0	0	0	11
RSHKG	0	0	0	0	17
RSVGG	0	0	0	0	12
RSYGA	0	0	0	0	13
RTAAA	0	0	0	0	11
RTALS	0	0	0	0	10
RTNLA	0	0	0	0	10
RVAIA	31	0	0	0	34
RVAAG	10	0	0	0	0
RVAAL	11	0	0	0	0
RVAEL	10	0	0	0	0
RVAIA	13	0	0	0	0
RVLAA	21	0	0	0	11
RVALA	0	0	0	0	22
RVARE	0	0	0	0	13
RWGRK	14	0	0	0	11
RVSLA	10	0	0	0	0
RYSGQ	10	0	0	0	0
SAAAE	10	0	0	0	40
SAAAL	0	0	0	0	42
SAAAR	10	0	0	0	13
SAAAS	0	0	0	0	12
SAALA	12	0	0	0	31
SAALA	11	0	0	0	0
SAALL	14	0	0	0	22
SAASL	11	0	0	0	0
SALAA	10	0	0	0	12
SAIAA	0	0	0	0	18
SALAA	0	0	0	0	37
SALAL	12	0	0	0	21
SALAL	20	0	0	0	0
SALAP	12	0	0	0	0
SALDA	10	0	0	0	10
SALDP	0	0	0	0	10
SALDV	0	0	0	0	15
SALLG	30	0	0	0	11
SALLA	12	0	0	0	0
SALLL	10	0	0	0	0
SARRA	10	0	0	0	0
SEAGR	11	0	0	0	10
SAVAA	0	0	0	0	10
SAVLE	0	0	0	0	11
SAVRN	0	0	0	0	13
SEAER	0	0	0	0	12
SEGTD	0	0	0	0	10
SGAAL	12	0	0	0	10
SGAGK	0	0	0	0	10
SGAVA	0	0	0	0	10
SGCGK	0	0	0	0	75
SGGMR	0	0	0	0	12
SGGNQ	0	0	0	0	10
SGGQQ	0	0	0	0	32
SGGQR	0	0	0	0	85
SGIAA	0	0	0	0	10
SGKST	13	21	0	23	58
SGKSV	0	0	0	0	10
SGKTT	10	12	0	13	39
SGLLA	13	0	0	0	0
SGLLL	12	0	0	11	0
SGSGK	20	13	0	15	95
SGSTG	16	0	0	0	0
SIGEA	10	10	0	10	16
SHVPL	0	0	0	0	12
SIGGR	0	0	0	0	10
SKWPD	10	0	0	0	28
SLAAA	25	0	0	0	36
SLAAG	0	0	0	0	11
SLAAL	30	0	0	0	26
SLADL	0	0	0	0	11
SLDGT	12	10	0	0	10
SLAGL	23	0	0	0	0
SLALA	25	0	0	0	0
SLALL	15	0	0	0	0
SLARL	10	0	0	0	0
SLAVL	13	0	0	0	0
SLDEL	11	0	0	0	0
SLEAA	11	0	0	0	0
SLGLL	10	0	0	0	0
SLLAA	26	0	0	0	10
SLLAL	28	0	0	0	0
SLLLA	29	0	0	0	0
SLLLG	23	0	0	0	0
SLLVG	12	0	0	0	10
SLPVA	11	0	0	0	0
SLRRL	11	0	0	0	11
SLRMV	0	0	0	0	12
SLSGG	0	0	0	0	13
SNLDA	0	0	0	0	30
SPALA	0	0	0	0	10
SPKRI	0	0	0	0	13
SRKDI	13	0	0	0	21
SREAL	10	0	0	0	0
SRELL	10	0	0	0	0
SRERL	10	0	0	0	0
SRLLA	22	0	0	0	0
SSLLA	10	0	0	0	12
SSGIG	0	0	0	0	12
SSILP	0	0	0	0	10
SSSIL	0	0	0	0	10
SSSSS	0	0	0	0	20
STLLR	13	0	0	0	29
SVAAL	10	0	0	0	15
SVFSA	0	0	0	0	13
SVGGL	0	0	0	0	17
SVQAG	0	0	0	0	11
SVSSL	0	0	0	0	12
SYALY	0	0	0	0	11
SYETI	0	0	0	0	18
SYGAA	0	0	0	0	14
SYKNH	0	0	0	0	17
SYTLG	0	0	0	0	14
TAAAA	0	0	0	0	30
TAAAI	0	0	0	0	10
TAAAL	13	0	0	0	52
TAADL	11	0	0	0	0
TAERF	13	0	0	0	11
TAAIA	0	0	0	0	11
TAARA	0	0	0	0	10
TADCK	0	0	0	0	16
TAIAV	0	0	0	0	12
TALAA	11	0	0	0	39
TALDV	0	0	0	0	16
TALLA	12	0	0	0	11
TATAL	10	0	0	0	0
TGLGL	10	0	0	10	10
TDKLR	0	0	0	0	19
TDTVR	0	0	0	0	10
TGATA	0	0	0	0	10
TGGAG	0	0	0	0	12
TGLAA	0	0	0	0	10
TGLGL	0	0	0	0	29
THIHR	11	14	0	0	13
TGSGK	16	0	0	0	0
TLAAL	29	10	0	10	20
TKAAK	0	0	0	0	16
TLAAL	0	0	0	0	11
TLGAL	14	0	0	10	11
TLAGL	11	0	0	0	0
TLALL	23	0	0	0	0
TLARL	23	0	0	0	0
TLFLD	10	0	0	0	0
TLGGL	13	0	0	0	11
TLIGG	0	0	0	0	16
TLLAA	0	0	0	0	11
TLNAQ	10	10	0	0	13
TLLAT	10	0	0	0	0
TLLGL	11	0	0	0	0
TLLLA	12	0	0	0	0
TLLRL	11	0	0	0	0
TLRYL	10	0	0	0	14
TLVLA	0	0	0	0	10
TNLLA	0	13	0	11	25
TQQNA	10	0	0	0	10
TRAAA	10	0	0	0	0
TRELA	11	0	0	0	10
TRLLA	11	0	0	0	0
TRTYL	12	0	0	0	12
TRVAR	0	0	0	0	10
TSALD	0	0	0	0	44
TTALD	19	0	0	0	16
TVDVK	0	10	0	0	10
TTTTT	0	10	0	0	0
VDAAL	33	12	0	10	12
TVRTN	0	0	0	0	11
TVSDV	0	0	0	0	10
TWKDL	0	0	0	0	11
TYNGT	0	0	0	0	10
VAAAA	26	0	0	0	48
VAAAG	13	0	0	0	21
VAAAI	0	0	0	0	14
VAAAL	17	0	0	0	47
VAAAR	22	0	0	0	0
VAAAV	10	0	0	0	11
VAAAV	0	0	0	0	16
VAAGL	11	0	0	0	26
VAAGL	14	0	0	0	0
VAAGR	10	0	0	0	0
VAAGV	10	0	0	0	10
VAAIA	0	0	0	0	11
VAALA	30	0	0	0	48
VAALG	0	0	0	0	10
VAALL	46	0	0	0	31
VAALP	10	0	0	0	0
VAARL	12	0	0	0	10
VAARL	0	0	0	0	34
VAASA	0	0	0	0	12
VAAVA	13	0	0	0	12
VADAA	0	0	0	0	10
VADAL	0	0	0	0	11
VADLA	12	0	0	0	10
VAEAA	0	0	0	0	21
VAGAA	11	0	0	0	21
VAEEL	10	0	0	0	0
VAERL	15	0	0	0	0
VAGLA	12	0	0	0	10
VAGFI	0	0	0	0	12
VAGGA	0	0	0	0	10
VAGIA	0	0	0	0	11
VAGLA	0	0	0	0	23
VAGLL	14	0	0	0	13
VAGVR	24	0	0	0	0
VAIAR	11	0	0	0	20
VAIAR	0	0	0	0	46
VAIGR	0	0	0	0	13
VAITG	11	0	0	0	11
VAILA	10	0	0	0	0
VALAA	31	0	0	0	13
VALAA	0	0	0	0	47
VALAE	0	0	0	0	10
VALAL	23	0	0	0	21
VALAR	13	0	0	0	27
VALGA	0	0	0	0	12
VALLL	13	0	0	0	14
VALLG	20	0	0	0	0
VALVT	10	0	0	12	21
VALTA	0	0	0	0	12
VALVG	0	0	0	0	19
VALVL	0	0	0	0	12
VANAF	0	0	0	0	13
VANAL	0	0	0	0	17
VAPAL	0	0	0	0	10
VAPHQ	0	0	0	0	12
VAQEV	0	0	0	0	14
VARAA	0	0	0	0	11
VARAL	0	0	0	0	13
VAREV	0	0	0	0	11
VARLA	11	0	0	0	20
VARLL	12	0	0	0	0
VARRL	13	0	0	0	0
VATLG	16	0	0	0	10
VAVAA	10	0	0	0	20
VAVIG	0	0	0	0	12
VDALL	10	0	0	12	15
VDALL	10	0	0	0	0
VEAAL	14	10	0	0	10
VDNAG	0	0	0	0	11
VDQDG	0	0	0	0	21
VEAAA	0	0	0	0	11
VEAAR	20	0	0	0	48
VEAGA	0	0	0	0	12
VEALR	14	0	0	0	11
VEALQ	10	0	0	0	0
VEALR	13	0	0	0	0
VEGLA	13	0	0	0	19
VEHRS	0	0	0	0	16
VENLT	0	0	0	0	15
VFQDP	11	0	0	10	11
VERLE	10	0	0	0	0
VERLL	13	0	0	0	0
VERVG	10	0	0	0	0
VGAAL	20	0	0	0	24
VFSAV	0	0	0	0	13
VGALA	0	0	0	0	10
VGDGA	27	10	0	12	10
VGESG	0	0	0	0	39
VGGLQ	14	0	0	0	12
VGGLV	11	0	0	0	0
VGIGG	10	0	0	0	0
VGLAG	12	0	0	0	24
VGLAG	0	0	0	0	11
VGPSG	12	0	0	10	33
VGLGA	10	0	0	0	0
VGLLA	16	0	0	0	0
VGLLL	27	0	0	0	0
VIRLN	10	11	0	12	21
VIAAV	0	0	0	0	15
VIALA	0	0	0	0	11
VIATG	0	0	0	0	12
VIDEI	0	0	0	0	10
VIGAG	0	0	0	0	37
VISIG	0	10	0	13	18
VIVIG	0	0	0	10	0
VLAAL	11	0	0	10	41
VKIRG	11	0	0	0	0
VLAAA	23	0	0	0	0
VLAAG	14	0	0	0	15
VLAAL	31	0	0	0	28
VLAAQ	11	0	0	0	0
VLADL	10	0	0	0	15
VLAGA	27	0	0	0	12
VLAGG	10	0	0	0	11
VLAGL	20	0	0	0	23
VLAGV	10	0	0	0	0
VLALA	24	0	0	0	30
VLALL	33	0	0	0	0
VLARE	11	0	0	0	0
VLARL	10	0	0	0	0
VLDGA	12	0	0	0	21
VLEAL	14	0	0	0	0
VLERL	12	0	0	0	0
VLGAL	14	0	0	12	14
VLGLL	19	0	0	0	0
VLGLT	10	0	0	10	0
VLGVL	13	0	0	0	0
VLLAA	15	0	0	0	14
VLLAA	0	0	0	0	25
VLLAV	11	0	0	0	11
VLLAL	32	0	0	0	0
VLLAR	11	0	0	0	0
VLLDE	11	0	0	0	0
VLLGA	10	0	0	0	0
VLLGG	11	0	0	0	0
VLLGL	29	0	0	0	0
VLLLA	25	0	0	0	10
VLLLD	0	0	0	0	11
VLREI	22	10	0	12	12
VLLLL	10	0	0	11	0
VLLVA	10	0	0	0	0
VLPLL	11	0	0	11	0
VLSAL	12	0	0	0	10
VLVAG	10	0	0	12	10
VLVDG	10	0	0	0	0
VLVPE	10	0	0	0	0
VPELT	10	0	0	0	13
VNNAG	0	0	0	0	25
VPKSV	0	0	0	0	10
VPLRK	10	0	0	0	13
VQTRR	0	0	0	0	13
VREAL	0	0	0	0	14
VRELA	13	0	0	0	36
VRELE	10	0	0	0	0
VRERL	11	0	0	0	0
VRKKP	10	0	0	0	0
VRLAG	11	0	0	0	0
VRLLA	10	0	0	0	0
VRQAI	10	0	0	0	15
VRNIA	0	0	0	0	11
VRNLF	0	0	0	0	12
VRTNL	24	0	0	0	10
VRRLL	12	0	0	0	0
VSALG	15	0	0	0	34
VSAAR	0	0	0	0	10
VSSLD	12	0	0	10	11
VSLLA	11	0	0	0	0
VVAAL	13	0	0	0	10
VSYET	0	0	0	0	16
VSYKN	0	0	0	0	12
VTAAI	0	0	0	0	14
VTDKL	0	0	0	0	15
VTHDQ	0	0	0	0	50
VTLLA	0	0	0	0	10
VTRVA	0	0	0	0	11
VVAAA	0	0	0	0	37
VVAGL	13	0	0	0	12
VVAIT	0	0	0	0	10
VVAQE	0	0	0	0	12
VVISI	10	0	0	0	19
VVGLL	11	0	0	0	0
VVLAA	10	0	0	0	0
VVLGL	11	0	0	0	11
VVLVG	0	0	0	0	15
VVSYE	10	0	0	0	16
VVVGG	0	0	0	0	10
VWLYF	0	0	0	0	20
WGRKF	10	0	0	0	12
WHLDE	0	0	0	0	18
WKAVT	0	0	0	0	16
WKDLT	0	0	0	0	11
WLWRA	0	0	0	0	21
WLYFR	0	0	0	0	20
WPDTA	0	0	0	0	24
WRAVD	11	0	0	0	19
YALYP	0	0	0	0	27
YARQL	0	0	0	0	10
YETIR	0	0	0	0	17
YFRFP	0	0	0	0	19
YGAAK	0	0	0	0	10
YKNHR	12	0	0	0	17
YLAGL	11	0	0	0	0
YLKSY	14	0	0	0	0
YMVPA	11	0	0	0	0
YTSGS	16	0	0	0	10
YTLGA	0	0	0	0	11
YVLDE	11	0	0	0	19
YVTHD	0	0	0	0	30
